"benchmark","section","section_title","package","package_version","task","operation","facet","support","median_seconds","min_seconds","max_seconds","memory_bytes","result_bytes","backend","iterations","n_taxa","n_samples","note","error","iteration","seconds","relative_to_hilldiv3"
"B1.1","B1","Alpha diversity","hilldiv3","3.0.0.9000","alpha_neutral","Alpha diversity at q = 0, 1, 2","neutral","yes",0.00531001252238639,0.00443964399164543,0.005916751048062,4222944,5488,"bench",10,200,50,"Direct hilldiv3 call.",NA,1,0.005916751048062,1
"B1.1","B1","Alpha diversity","hilldiv3","3.0.0.9000","alpha_neutral","Alpha diversity at q = 0, 1, 2","neutral","yes",0.00531001252238639,0.00443964399164543,0.005916751048062,4222944,5488,"bench",10,200,50,"Direct hilldiv3 call.",NA,2,0.0053153220214881,1
"B1.1","B1","Alpha diversity","hilldiv3","3.0.0.9000","alpha_neutral","Alpha diversity at q = 0, 1, 2","neutral","yes",0.00531001252238639,0.00443964399164543,0.005916751048062,4222944,5488,"bench",10,200,50,"Direct hilldiv3 call.",NA,3,0.00586923205992207,1
"B1.1","B1","Alpha diversity","hilldiv3","3.0.0.9000","alpha_neutral","Alpha diversity at q = 0, 1, 2","neutral","yes",0.00531001252238639,0.00443964399164543,0.005916751048062,4222944,5488,"bench",10,200,50,"Direct hilldiv3 call.",NA,4,0.00556468399008736,1
"B1.1","B1","Alpha diversity","hilldiv3","3.0.0.9000","alpha_neutral","Alpha diversity at q = 0, 1, 2","neutral","yes",0.00531001252238639,0.00443964399164543,0.005916751048062,4222944,5488,"bench",10,200,50,"Direct hilldiv3 call.",NA,5,0.00536993402056396,1
"B1.1","B1","Alpha diversity","hilldiv3","3.0.0.9000","alpha_neutral","Alpha diversity at q = 0, 1, 2","neutral","yes",0.00531001252238639,0.00443964399164543,0.005916751048062,4222944,5488,"bench",10,200,50,"Direct hilldiv3 call.",NA,6,0.00530470302328467,1
"B1.1","B1","Alpha diversity","hilldiv3","3.0.0.9000","alpha_neutral","Alpha diversity at q = 0, 1, 2","neutral","yes",0.00531001252238639,0.00443964399164543,0.005916751048062,4222944,5488,"bench",10,200,50,"Direct hilldiv3 call.",NA,7,0.00519346998771653,1
"B1.1","B1","Alpha diversity","hilldiv3","3.0.0.9000","alpha_neutral","Alpha diversity at q = 0, 1, 2","neutral","yes",0.00531001252238639,0.00443964399164543,0.005916751048062,4222944,5488,"bench",10,200,50,"Direct hilldiv3 call.",NA,8,0.00448470300761983,1
"B1.1","B1","Alpha diversity","hilldiv3","3.0.0.9000","alpha_neutral","Alpha diversity at q = 0, 1, 2","neutral","yes",0.00531001252238639,0.00443964399164543,0.005916751048062,4222944,5488,"bench",10,200,50,"Direct hilldiv3 call.",NA,9,0.00443964399164543,1
"B1.1","B1","Alpha diversity","hilldiv3","3.0.0.9000","alpha_neutral","Alpha diversity at q = 0, 1, 2","neutral","yes",0.00531001252238639,0.00443964399164543,0.005916751048062,4222944,5488,"bench",10,200,50,"Direct hilldiv3 call.",NA,10,0.00468261004425585,1
"B1.2","B1","Alpha diversity","hilldiv3","3.0.0.9000","alpha_phylogenetic","Alpha diversity at q = 0, 1, 2","phylogenetic","yes",0.00635377003345639,0.00563672103453428,0.0461145039880648,7309592,5488,"bench",10,200,50,"Direct hilldiv3 call.",NA,1,0.00699919206090271,1
"B1.2","B1","Alpha diversity","hilldiv3","3.0.0.9000","alpha_phylogenetic","Alpha diversity at q = 0, 1, 2","phylogenetic","yes",0.00635377003345639,0.00563672103453428,0.0461145039880648,7309592,5488,"bench",10,200,50,"Direct hilldiv3 call.",NA,2,0.00641059601912275,1
"B1.2","B1","Alpha diversity","hilldiv3","3.0.0.9000","alpha_phylogenetic","Alpha diversity at q = 0, 1, 2","phylogenetic","yes",0.00635377003345639,0.00563672103453428,0.0461145039880648,7309592,5488,"bench",10,200,50,"Direct hilldiv3 call.",NA,3,0.00623216398525983,1
"B1.2","B1","Alpha diversity","hilldiv3","3.0.0.9000","alpha_phylogenetic","Alpha diversity at q = 0, 1, 2","phylogenetic","yes",0.00635377003345639,0.00563672103453428,0.0461145039880648,7309592,5488,"bench",10,200,50,"Direct hilldiv3 call.",NA,4,0.0186001010006294,1
"B1.2","B1","Alpha diversity","hilldiv3","3.0.0.9000","alpha_phylogenetic","Alpha diversity at q = 0, 1, 2","phylogenetic","yes",0.00635377003345639,0.00563672103453428,0.0461145039880648,7309592,5488,"bench",10,200,50,"Direct hilldiv3 call.",NA,5,0.00629694404779002,1
"B1.2","B1","Alpha diversity","hilldiv3","3.0.0.9000","alpha_phylogenetic","Alpha diversity at q = 0, 1, 2","phylogenetic","yes",0.00635377003345639,0.00563672103453428,0.0461145039880648,7309592,5488,"bench",10,200,50,"Direct hilldiv3 call.",NA,6,0.00563672103453428,1
"B1.2","B1","Alpha diversity","hilldiv3","3.0.0.9000","alpha_phylogenetic","Alpha diversity at q = 0, 1, 2","phylogenetic","yes",0.00635377003345639,0.00563672103453428,0.0461145039880648,7309592,5488,"bench",10,200,50,"Direct hilldiv3 call.",NA,7,0.00574655999662355,1
"B1.2","B1","Alpha diversity","hilldiv3","3.0.0.9000","alpha_phylogenetic","Alpha diversity at q = 0, 1, 2","phylogenetic","yes",0.00635377003345639,0.00563672103453428,0.0461145039880648,7309592,5488,"bench",10,200,50,"Direct hilldiv3 call.",NA,8,0.0062135910266079,1
"B1.2","B1","Alpha diversity","hilldiv3","3.0.0.9000","alpha_phylogenetic","Alpha diversity at q = 0, 1, 2","phylogenetic","yes",0.00635377003345639,0.00563672103453428,0.0461145039880648,7309592,5488,"bench",10,200,50,"Direct hilldiv3 call.",NA,9,0.0461145039880648,1
"B1.2","B1","Alpha diversity","hilldiv3","3.0.0.9000","alpha_phylogenetic","Alpha diversity at q = 0, 1, 2","phylogenetic","yes",0.00635377003345639,0.00563672103453428,0.0461145039880648,7309592,5488,"bench",10,200,50,"Direct hilldiv3 call.",NA,10,0.00728959502885118,1
"B1.3","B1","Alpha diversity","hilldiv3","3.0.0.9000","alpha_functional","Alpha diversity at q = 0, 1, 2","functional","yes",0.0068508745462168,0.00600941106677055,0.0132917900336906,6738568,5488,"bench",10,200,50,"Direct hilldiv3 call.",NA,1,0.00720078905578703,1
"B1.3","B1","Alpha diversity","hilldiv3","3.0.0.9000","alpha_functional","Alpha diversity at q = 0, 1, 2","functional","yes",0.0068508745462168,0.00600941106677055,0.0132917900336906,6738568,5488,"bench",10,200,50,"Direct hilldiv3 call.",NA,2,0.00696987705305219,1
"B1.3","B1","Alpha diversity","hilldiv3","3.0.0.9000","alpha_functional","Alpha diversity at q = 0, 1, 2","functional","yes",0.0068508745462168,0.00600941106677055,0.0132917900336906,6738568,5488,"bench",10,200,50,"Direct hilldiv3 call.",NA,3,0.00683703704271466,1
"B1.3","B1","Alpha diversity","hilldiv3","3.0.0.9000","alpha_functional","Alpha diversity at q = 0, 1, 2","functional","yes",0.0068508745462168,0.00600941106677055,0.0132917900336906,6738568,5488,"bench",10,200,50,"Direct hilldiv3 call.",NA,4,0.00686471204971895,1
"B1.3","B1","Alpha diversity","hilldiv3","3.0.0.9000","alpha_functional","Alpha diversity at q = 0, 1, 2","functional","yes",0.0068508745462168,0.00600941106677055,0.0132917900336906,6738568,5488,"bench",10,200,50,"Direct hilldiv3 call.",NA,5,0.00661969598149881,1
"B1.3","B1","Alpha diversity","hilldiv3","3.0.0.9000","alpha_functional","Alpha diversity at q = 0, 1, 2","functional","yes",0.0068508745462168,0.00600941106677055,0.0132917900336906,6738568,5488,"bench",10,200,50,"Direct hilldiv3 call.",NA,6,0.0132917900336906,1
"B1.3","B1","Alpha diversity","hilldiv3","3.0.0.9000","alpha_functional","Alpha diversity at q = 0, 1, 2","functional","yes",0.0068508745462168,0.00600941106677055,0.0132917900336906,6738568,5488,"bench",10,200,50,"Direct hilldiv3 call.",NA,7,0.00703277107095346,1
"B1.3","B1","Alpha diversity","hilldiv3","3.0.0.9000","alpha_functional","Alpha diversity at q = 0, 1, 2","functional","yes",0.0068508745462168,0.00600941106677055,0.0132917900336906,6738568,5488,"bench",10,200,50,"Direct hilldiv3 call.",NA,8,0.00637435202952474,1
"B1.3","B1","Alpha diversity","hilldiv3","3.0.0.9000","alpha_functional","Alpha diversity at q = 0, 1, 2","functional","yes",0.0068508745462168,0.00600941106677055,0.0132917900336906,6738568,5488,"bench",10,200,50,"Direct hilldiv3 call.",NA,9,0.00600941106677055,1
"B1.3","B1","Alpha diversity","hilldiv3","3.0.0.9000","alpha_functional","Alpha diversity at q = 0, 1, 2","functional","yes",0.0068508745462168,0.00600941106677055,0.0132917900336906,6738568,5488,"bench",10,200,50,"Direct hilldiv3 call.",NA,10,0.00615332101006061,1
"B2.1","B2","Diversity partitioning without hierarchy","hilldiv3","3.0.0.9000","partition_neutral","Diversity partitioning at q = 0, 1, 2","neutral","yes",0.00499414844671264,0.00444792595226318,0.00595807895297185,3796032,1016,"bench",10,200,50,"Direct hilldiv3 call.",NA,1,0.0057160149444826,1
"B2.1","B2","Diversity partitioning without hierarchy","hilldiv3","3.0.0.9000","partition_neutral","Diversity partitioning at q = 0, 1, 2","neutral","yes",0.00499414844671264,0.00444792595226318,0.00595807895297185,3796032,1016,"bench",10,200,50,"Direct hilldiv3 call.",NA,2,0.00589268398471177,1
"B2.1","B2","Diversity partitioning without hierarchy","hilldiv3","3.0.0.9000","partition_neutral","Diversity partitioning at q = 0, 1, 2","neutral","yes",0.00499414844671264,0.00444792595226318,0.00595807895297185,3796032,1016,"bench",10,200,50,"Direct hilldiv3 call.",NA,3,0.00595807895297185,1
"B2.1","B2","Diversity partitioning without hierarchy","hilldiv3","3.0.0.9000","partition_neutral","Diversity partitioning at q = 0, 1, 2","neutral","yes",0.00499414844671264,0.00444792595226318,0.00595807895297185,3796032,1016,"bench",10,200,50,"Direct hilldiv3 call.",NA,4,0.00588550901738927,1
"B2.1","B2","Diversity partitioning without hierarchy","hilldiv3","3.0.0.9000","partition_neutral","Diversity partitioning at q = 0, 1, 2","neutral","yes",0.00499414844671264,0.00444792595226318,0.00595807895297185,3796032,1016,"bench",10,200,50,"Direct hilldiv3 call.",NA,5,0.00484808598412201,1
"B2.1","B2","Diversity partitioning without hierarchy","hilldiv3","3.0.0.9000","partition_neutral","Diversity partitioning at q = 0, 1, 2","neutral","yes",0.00499414844671264,0.00444792595226318,0.00595807895297185,3796032,1016,"bench",10,200,50,"Direct hilldiv3 call.",NA,6,0.00444792595226318,1
"B2.1","B2","Diversity partitioning without hierarchy","hilldiv3","3.0.0.9000","partition_neutral","Diversity partitioning at q = 0, 1, 2","neutral","yes",0.00499414844671264,0.00444792595226318,0.00595807895297185,3796032,1016,"bench",10,200,50,"Direct hilldiv3 call.",NA,7,0.00458002794766799,1
"B2.1","B2","Diversity partitioning without hierarchy","hilldiv3","3.0.0.9000","partition_neutral","Diversity partitioning at q = 0, 1, 2","neutral","yes",0.00499414844671264,0.00444792595226318,0.00595807895297185,3796032,1016,"bench",10,200,50,"Direct hilldiv3 call.",NA,8,0.00498941296245903,1
"B2.1","B2","Diversity partitioning without hierarchy","hilldiv3","3.0.0.9000","partition_neutral","Diversity partitioning at q = 0, 1, 2","neutral","yes",0.00499414844671264,0.00444792595226318,0.00595807895297185,3796032,1016,"bench",10,200,50,"Direct hilldiv3 call.",NA,9,0.00499888393096626,1
"B2.1","B2","Diversity partitioning without hierarchy","hilldiv3","3.0.0.9000","partition_neutral","Diversity partitioning at q = 0, 1, 2","neutral","yes",0.00499414844671264,0.00444792595226318,0.00595807895297185,3796032,1016,"bench",10,200,50,"Direct hilldiv3 call.",NA,10,0.00481126795057207,1
"B2.2","B2","Diversity partitioning without hierarchy","hilldiv3","3.0.0.9000","partition_phylogenetic","Diversity partitioning at q = 0, 1, 2","phylogenetic","yes",0.00613249305752106,0.00562458502827212,0.0176186020253226,5368056,1016,"bench",10,200,50,"Direct hilldiv3 call.",NA,1,0.0065691020572558,1
"B2.2","B2","Diversity partitioning without hierarchy","hilldiv3","3.0.0.9000","partition_phylogenetic","Diversity partitioning at q = 0, 1, 2","phylogenetic","yes",0.00613249305752106,0.00562458502827212,0.0176186020253226,5368056,1016,"bench",10,200,50,"Direct hilldiv3 call.",NA,2,0.00606603204505518,1
"B2.2","B2","Diversity partitioning without hierarchy","hilldiv3","3.0.0.9000","partition_phylogenetic","Diversity partitioning at q = 0, 1, 2","phylogenetic","yes",0.00613249305752106,0.00562458502827212,0.0176186020253226,5368056,1016,"bench",10,200,50,"Direct hilldiv3 call.",NA,3,0.00619895406998694,1
"B2.2","B2","Diversity partitioning without hierarchy","hilldiv3","3.0.0.9000","partition_phylogenetic","Diversity partitioning at q = 0, 1, 2","phylogenetic","yes",0.00613249305752106,0.00562458502827212,0.0176186020253226,5368056,1016,"bench",10,200,50,"Direct hilldiv3 call.",NA,4,0.00603569200029597,1
"B2.2","B2","Diversity partitioning without hierarchy","hilldiv3","3.0.0.9000","partition_phylogenetic","Diversity partitioning at q = 0, 1, 2","phylogenetic","yes",0.00613249305752106,0.00562458502827212,0.0176186020253226,5368056,1016,"bench",10,200,50,"Direct hilldiv3 call.",NA,5,0.00562458502827212,1
"B2.2","B2","Diversity partitioning without hierarchy","hilldiv3","3.0.0.9000","partition_phylogenetic","Diversity partitioning at q = 0, 1, 2","phylogenetic","yes",0.00613249305752106,0.00562458502827212,0.0176186020253226,5368056,1016,"bench",10,200,50,"Direct hilldiv3 call.",NA,6,0.00732518301811069,1
"B2.2","B2","Diversity partitioning without hierarchy","hilldiv3","3.0.0.9000","partition_phylogenetic","Diversity partitioning at q = 0, 1, 2","phylogenetic","yes",0.00613249305752106,0.00562458502827212,0.0176186020253226,5368056,1016,"bench",10,200,50,"Direct hilldiv3 call.",NA,7,0.00637299899244681,1
"B2.2","B2","Diversity partitioning without hierarchy","hilldiv3","3.0.0.9000","partition_phylogenetic","Diversity partitioning at q = 0, 1, 2","phylogenetic","yes",0.00613249305752106,0.00562458502827212,0.0176186020253226,5368056,1016,"bench",10,200,50,"Direct hilldiv3 call.",NA,8,0.0176186020253226,1
"B2.2","B2","Diversity partitioning without hierarchy","hilldiv3","3.0.0.9000","partition_phylogenetic","Diversity partitioning at q = 0, 1, 2","phylogenetic","yes",0.00613249305752106,0.00562458502827212,0.0176186020253226,5368056,1016,"bench",10,200,50,"Direct hilldiv3 call.",NA,9,0.00568059098441154,1
"B2.2","B2","Diversity partitioning without hierarchy","hilldiv3","3.0.0.9000","partition_phylogenetic","Diversity partitioning at q = 0, 1, 2","phylogenetic","yes",0.00613249305752106,0.00562458502827212,0.0176186020253226,5368056,1016,"bench",10,200,50,"Direct hilldiv3 call.",NA,10,0.00568764301715419,1
"B2.3","B2","Diversity partitioning without hierarchy","hilldiv3","3.0.0.9000","partition_functional","Diversity partitioning at q = 0, 1, 2","functional","yes",0.00711507853702642,0.00499896606197581,0.0112180100404657,6206048,1016,"bench",10,200,50,"Direct hilldiv3 call.",NA,1,0.00769574102014303,1
"B2.3","B2","Diversity partitioning without hierarchy","hilldiv3","3.0.0.9000","partition_functional","Diversity partitioning at q = 0, 1, 2","functional","yes",0.00711507853702642,0.00499896606197581,0.0112180100404657,6206048,1016,"bench",10,200,50,"Direct hilldiv3 call.",NA,2,0.00838888698490337,1
"B2.3","B2","Diversity partitioning without hierarchy","hilldiv3","3.0.0.9000","partition_functional","Diversity partitioning at q = 0, 1, 2","functional","yes",0.00711507853702642,0.00499896606197581,0.0112180100404657,6206048,1016,"bench",10,200,50,"Direct hilldiv3 call.",NA,3,0.00826662499457598,1
"B2.3","B2","Diversity partitioning without hierarchy","hilldiv3","3.0.0.9000","partition_functional","Diversity partitioning at q = 0, 1, 2","functional","yes",0.00711507853702642,0.00499896606197581,0.0112180100404657,6206048,1016,"bench",10,200,50,"Direct hilldiv3 call.",NA,4,0.00730037805624306,1
"B2.3","B2","Diversity partitioning without hierarchy","hilldiv3","3.0.0.9000","partition_functional","Diversity partitioning at q = 0, 1, 2","functional","yes",0.00711507853702642,0.00499896606197581,0.0112180100404657,6206048,1016,"bench",10,200,50,"Direct hilldiv3 call.",NA,5,0.00636479904642329,1
"B2.3","B2","Diversity partitioning without hierarchy","hilldiv3","3.0.0.9000","partition_functional","Diversity partitioning at q = 0, 1, 2","functional","yes",0.00711507853702642,0.00499896606197581,0.0112180100404657,6206048,1016,"bench",10,200,50,"Direct hilldiv3 call.",NA,6,0.00692977901780978,1
"B2.3","B2","Diversity partitioning without hierarchy","hilldiv3","3.0.0.9000","partition_functional","Diversity partitioning at q = 0, 1, 2","functional","yes",0.00711507853702642,0.00499896606197581,0.0112180100404657,6206048,1016,"bench",10,200,50,"Direct hilldiv3 call.",NA,7,0.00669763702899218,1
"B2.3","B2","Diversity partitioning without hierarchy","hilldiv3","3.0.0.9000","partition_functional","Diversity partitioning at q = 0, 1, 2","functional","yes",0.00711507853702642,0.00499896606197581,0.0112180100404657,6206048,1016,"bench",10,200,50,"Direct hilldiv3 call.",NA,8,0.0112180100404657,1
"B2.3","B2","Diversity partitioning without hierarchy","hilldiv3","3.0.0.9000","partition_functional","Diversity partitioning at q = 0, 1, 2","functional","yes",0.00711507853702642,0.00499896606197581,0.0112180100404657,6206048,1016,"bench",10,200,50,"Direct hilldiv3 call.",NA,9,0.00520884501747787,1
"B2.3","B2","Diversity partitioning without hierarchy","hilldiv3","3.0.0.9000","partition_functional","Diversity partitioning at q = 0, 1, 2","functional","yes",0.00711507853702642,0.00499896606197581,0.0112180100404657,6206048,1016,"bench",10,200,50,"Direct hilldiv3 call.",NA,10,0.00499896606197581,1
"B3.1","B3","Nested diversity partitioning","hilldiv3","3.0.0.9000","hierarchical_partition_neutral","Nested diversity partitioning at q = 0, 1, 2","neutral","yes",0.00913941254839301,0.00725203903857619,0.0178489399841055,5641336,1168,"bench",10,200,50,"Direct hilldiv3 call.",NA,1,0.00970117398537695,1
"B3.1","B3","Nested diversity partitioning","hilldiv3","3.0.0.9000","hierarchical_partition_neutral","Nested diversity partitioning at q = 0, 1, 2","neutral","yes",0.00913941254839301,0.00725203903857619,0.0178489399841055,5641336,1168,"bench",10,200,50,"Direct hilldiv3 call.",NA,2,0.00903328403364867,1
"B3.1","B3","Nested diversity partitioning","hilldiv3","3.0.0.9000","hierarchical_partition_neutral","Nested diversity partitioning at q = 0, 1, 2","neutral","yes",0.00913941254839301,0.00725203903857619,0.0178489399841055,5641336,1168,"bench",10,200,50,"Direct hilldiv3 call.",NA,3,0.00841906305868179,1
"B3.1","B3","Nested diversity partitioning","hilldiv3","3.0.0.9000","hierarchical_partition_neutral","Nested diversity partitioning at q = 0, 1, 2","neutral","yes",0.00913941254839301,0.00725203903857619,0.0178489399841055,5641336,1168,"bench",10,200,50,"Direct hilldiv3 call.",NA,4,0.0141868609935045,1
"B3.1","B3","Nested diversity partitioning","hilldiv3","3.0.0.9000","hierarchical_partition_neutral","Nested diversity partitioning at q = 0, 1, 2","neutral","yes",0.00913941254839301,0.00725203903857619,0.0178489399841055,5641336,1168,"bench",10,200,50,"Direct hilldiv3 call.",NA,5,0.0128655129810795,1
"B3.1","B3","Nested diversity partitioning","hilldiv3","3.0.0.9000","hierarchical_partition_neutral","Nested diversity partitioning at q = 0, 1, 2","neutral","yes",0.00913941254839301,0.00725203903857619,0.0178489399841055,5641336,1168,"bench",10,200,50,"Direct hilldiv3 call.",NA,6,0.00924554106313735,1
"B3.1","B3","Nested diversity partitioning","hilldiv3","3.0.0.9000","hierarchical_partition_neutral","Nested diversity partitioning at q = 0, 1, 2","neutral","yes",0.00913941254839301,0.00725203903857619,0.0178489399841055,5641336,1168,"bench",10,200,50,"Direct hilldiv3 call.",NA,7,0.00848203903296962,1
"B3.1","B3","Nested diversity partitioning","hilldiv3","3.0.0.9000","hierarchical_partition_neutral","Nested diversity partitioning at q = 0, 1, 2","neutral","yes",0.00913941254839301,0.00725203903857619,0.0178489399841055,5641336,1168,"bench",10,200,50,"Direct hilldiv3 call.",NA,8,0.0178489399841055,1
"B3.1","B3","Nested diversity partitioning","hilldiv3","3.0.0.9000","hierarchical_partition_neutral","Nested diversity partitioning at q = 0, 1, 2","neutral","yes",0.00913941254839301,0.00725203903857619,0.0178489399841055,5641336,1168,"bench",10,200,50,"Direct hilldiv3 call.",NA,9,0.00779483804944903,1
"B3.1","B3","Nested diversity partitioning","hilldiv3","3.0.0.9000","hierarchical_partition_neutral","Nested diversity partitioning at q = 0, 1, 2","neutral","yes",0.00913941254839301,0.00725203903857619,0.0178489399841055,5641336,1168,"bench",10,200,50,"Direct hilldiv3 call.",NA,10,0.00725203903857619,1
"B3.2","B3","Nested diversity partitioning","hilldiv3","3.0.0.9000","hierarchical_partition_phylogenetic","Nested diversity partitioning at q = 0, 1, 2","phylogenetic","yes",0.00987374302349053,0.00870737503282726,0.0525298560387455,10040000,1168,"bench",10,200,50,"Direct hilldiv3 call.",NA,1,0.0102551660384052,1
"B3.2","B3","Nested diversity partitioning","hilldiv3","3.0.0.9000","hierarchical_partition_phylogenetic","Nested diversity partitioning at q = 0, 1, 2","phylogenetic","yes",0.00987374302349053,0.00870737503282726,0.0525298560387455,10040000,1168,"bench",10,200,50,"Direct hilldiv3 call.",NA,2,0.01034995802911,1
"B3.2","B3","Nested diversity partitioning","hilldiv3","3.0.0.9000","hierarchical_partition_phylogenetic","Nested diversity partitioning at q = 0, 1, 2","phylogenetic","yes",0.00987374302349053,0.00870737503282726,0.0525298560387455,10040000,1168,"bench",10,200,50,"Direct hilldiv3 call.",NA,3,0.0247438280493952,1
"B3.2","B3","Nested diversity partitioning","hilldiv3","3.0.0.9000","hierarchical_partition_phylogenetic","Nested diversity partitioning at q = 0, 1, 2","phylogenetic","yes",0.00987374302349053,0.00870737503282726,0.0525298560387455,10040000,1168,"bench",10,200,50,"Direct hilldiv3 call.",NA,4,0.0104361400590278,1
"B3.2","B3","Nested diversity partitioning","hilldiv3","3.0.0.9000","hierarchical_partition_phylogenetic","Nested diversity partitioning at q = 0, 1, 2","phylogenetic","yes",0.00987374302349053,0.00870737503282726,0.0525298560387455,10040000,1168,"bench",10,200,50,"Direct hilldiv3 call.",NA,5,0.00949232000857592,1
"B3.2","B3","Nested diversity partitioning","hilldiv3","3.0.0.9000","hierarchical_partition_phylogenetic","Nested diversity partitioning at q = 0, 1, 2","phylogenetic","yes",0.00987374302349053,0.00870737503282726,0.0525298560387455,10040000,1168,"bench",10,200,50,"Direct hilldiv3 call.",NA,6,0.00936517905211076,1
"B3.2","B3","Nested diversity partitioning","hilldiv3","3.0.0.9000","hierarchical_partition_phylogenetic","Nested diversity partitioning at q = 0, 1, 2","phylogenetic","yes",0.00987374302349053,0.00870737503282726,0.0525298560387455,10040000,1168,"bench",10,200,50,"Direct hilldiv3 call.",NA,7,0.0525298560387455,1
"B3.2","B3","Nested diversity partitioning","hilldiv3","3.0.0.9000","hierarchical_partition_phylogenetic","Nested diversity partitioning at q = 0, 1, 2","phylogenetic","yes",0.00987374302349053,0.00870737503282726,0.0525298560387455,10040000,1168,"bench",10,200,50,"Direct hilldiv3 call.",NA,8,0.00933951302431524,1
"B3.2","B3","Nested diversity partitioning","hilldiv3","3.0.0.9000","hierarchical_partition_phylogenetic","Nested diversity partitioning at q = 0, 1, 2","phylogenetic","yes",0.00987374302349053,0.00870737503282726,0.0525298560387455,10040000,1168,"bench",10,200,50,"Direct hilldiv3 call.",NA,9,0.00870737503282726,1
"B3.2","B3","Nested diversity partitioning","hilldiv3","3.0.0.9000","hierarchical_partition_phylogenetic","Nested diversity partitioning at q = 0, 1, 2","phylogenetic","yes",0.00987374302349053,0.00870737503282726,0.0525298560387455,10040000,1168,"bench",10,200,50,"Direct hilldiv3 call.",NA,10,0.0089922429760918,1
"B3.3","B3","Nested diversity partitioning","hilldiv3","3.0.0.9000","hierarchical_partition_functional","Nested diversity partitioning at q = 0, 1, 2","functional","yes",0.00948161905398592,0.00854128401260823,0.0492195569677278,9410848,1168,"bench",10,200,50,"Direct hilldiv3 call.",NA,1,0.0107736520003527,1
"B3.3","B3","Nested diversity partitioning","hilldiv3","3.0.0.9000","hierarchical_partition_functional","Nested diversity partitioning at q = 0, 1, 2","functional","yes",0.00948161905398592,0.00854128401260823,0.0492195569677278,9410848,1168,"bench",10,200,50,"Direct hilldiv3 call.",NA,2,0.00931971002137288,1
"B3.3","B3","Nested diversity partitioning","hilldiv3","3.0.0.9000","hierarchical_partition_functional","Nested diversity partitioning at q = 0, 1, 2","functional","yes",0.00948161905398592,0.00854128401260823,0.0492195569677278,9410848,1168,"bench",10,200,50,"Direct hilldiv3 call.",NA,3,0.00937173905549571,1
"B3.3","B3","Nested diversity partitioning","hilldiv3","3.0.0.9000","hierarchical_partition_functional","Nested diversity partitioning at q = 0, 1, 2","functional","yes",0.00948161905398592,0.00854128401260823,0.0492195569677278,9410848,1168,"bench",10,200,50,"Direct hilldiv3 call.",NA,4,0.0165799490641803,1
"B3.3","B3","Nested diversity partitioning","hilldiv3","3.0.0.9000","hierarchical_partition_functional","Nested diversity partitioning at q = 0, 1, 2","functional","yes",0.00948161905398592,0.00854128401260823,0.0492195569677278,9410848,1168,"bench",10,200,50,"Direct hilldiv3 call.",NA,5,0.00959149905247614,1
"B3.3","B3","Nested diversity partitioning","hilldiv3","3.0.0.9000","hierarchical_partition_functional","Nested diversity partitioning at q = 0, 1, 2","functional","yes",0.00948161905398592,0.00854128401260823,0.0492195569677278,9410848,1168,"bench",10,200,50,"Direct hilldiv3 call.",NA,6,0.0100528720067814,1
"B3.3","B3","Nested diversity partitioning","hilldiv3","3.0.0.9000","hierarchical_partition_functional","Nested diversity partitioning at q = 0, 1, 2","functional","yes",0.00948161905398592,0.00854128401260823,0.0492195569677278,9410848,1168,"bench",10,200,50,"Direct hilldiv3 call.",NA,7,0.00933975900989026,1
"B3.3","B3","Nested diversity partitioning","hilldiv3","3.0.0.9000","hierarchical_partition_functional","Nested diversity partitioning at q = 0, 1, 2","functional","yes",0.00948161905398592,0.00854128401260823,0.0492195569677278,9410848,1168,"bench",10,200,50,"Direct hilldiv3 call.",NA,8,0.0492195569677278,1
"B3.3","B3","Nested diversity partitioning","hilldiv3","3.0.0.9000","hierarchical_partition_functional","Nested diversity partitioning at q = 0, 1, 2","functional","yes",0.00948161905398592,0.00854128401260823,0.0492195569677278,9410848,1168,"bench",10,200,50,"Direct hilldiv3 call.",NA,9,0.00854128401260823,1
"B3.3","B3","Nested diversity partitioning","hilldiv3","3.0.0.9000","hierarchical_partition_functional","Nested diversity partitioning at q = 0, 1, 2","functional","yes",0.00948161905398592,0.00854128401260823,0.0492195569677278,9410848,1168,"bench",10,200,50,"Direct hilldiv3 call.",NA,10,0.00862119300290942,1
"B4.1","B4","Pairwise beta diversity matrix","hilldiv3","3.0.0.9000","pairwise_neutral","Pairwise beta diversity matrix at q = 1","neutral","yes",0.053515496023465,0.0454080330091529,0.247707978007384,44930008,14336,"bench",10,200,50,"Direct hilldiv3 call.",NA,1,0.0542544799973257,1
"B4.1","B4","Pairwise beta diversity matrix","hilldiv3","3.0.0.9000","pairwise_neutral","Pairwise beta diversity matrix at q = 1","neutral","yes",0.053515496023465,0.0454080330091529,0.247707978007384,44930008,14336,"bench",10,200,50,"Direct hilldiv3 call.",NA,2,0.051460288988892,1
"B4.1","B4","Pairwise beta diversity matrix","hilldiv3","3.0.0.9000","pairwise_neutral","Pairwise beta diversity matrix at q = 1","neutral","yes",0.053515496023465,0.0454080330091529,0.247707978007384,44930008,14336,"bench",10,200,50,"Direct hilldiv3 call.",NA,3,0.0511514770332724,1
"B4.1","B4","Pairwise beta diversity matrix","hilldiv3","3.0.0.9000","pairwise_neutral","Pairwise beta diversity matrix at q = 1","neutral","yes",0.053515496023465,0.0454080330091529,0.247707978007384,44930008,14336,"bench",10,200,50,"Direct hilldiv3 call.",NA,4,0.056986884039361,1
"B4.1","B4","Pairwise beta diversity matrix","hilldiv3","3.0.0.9000","pairwise_neutral","Pairwise beta diversity matrix at q = 1","neutral","yes",0.053515496023465,0.0454080330091529,0.247707978007384,44930008,14336,"bench",10,200,50,"Direct hilldiv3 call.",NA,5,0.0519686890183948,1
"B4.1","B4","Pairwise beta diversity matrix","hilldiv3","3.0.0.9000","pairwise_neutral","Pairwise beta diversity matrix at q = 1","neutral","yes",0.053515496023465,0.0454080330091529,0.247707978007384,44930008,14336,"bench",10,200,50,"Direct hilldiv3 call.",NA,6,0.0587089660111815,1
"B4.1","B4","Pairwise beta diversity matrix","hilldiv3","3.0.0.9000","pairwise_neutral","Pairwise beta diversity matrix at q = 1","neutral","yes",0.053515496023465,0.0454080330091529,0.247707978007384,44930008,14336,"bench",10,200,50,"Direct hilldiv3 call.",NA,7,0.05364845902659,1
"B4.1","B4","Pairwise beta diversity matrix","hilldiv3","3.0.0.9000","pairwise_neutral","Pairwise beta diversity matrix at q = 1","neutral","yes",0.053515496023465,0.0454080330091529,0.247707978007384,44930008,14336,"bench",10,200,50,"Direct hilldiv3 call.",NA,8,0.247707978007384,1
"B4.1","B4","Pairwise beta diversity matrix","hilldiv3","3.0.0.9000","pairwise_neutral","Pairwise beta diversity matrix at q = 1","neutral","yes",0.053515496023465,0.0454080330091529,0.247707978007384,44930008,14336,"bench",10,200,50,"Direct hilldiv3 call.",NA,9,0.0454080330091529,1
"B4.1","B4","Pairwise beta diversity matrix","hilldiv3","3.0.0.9000","pairwise_neutral","Pairwise beta diversity matrix at q = 1","neutral","yes",0.053515496023465,0.0454080330091529,0.247707978007384,44930008,14336,"bench",10,200,50,"Direct hilldiv3 call.",NA,10,0.0533825330203399,1
"B4.2","B4","Pairwise beta diversity matrix","hilldiv3","3.0.0.9000","pairwise_phylogenetic","Pairwise beta diversity matrix at q = 1","phylogenetic","yes",0.0618280615017284,0.0540042979991995,0.285006211022846,98438952,14336,"bench",10,200,50,"Direct hilldiv3 call.",NA,1,0.285006211022846,1
"B4.2","B4","Pairwise beta diversity matrix","hilldiv3","3.0.0.9000","pairwise_phylogenetic","Pairwise beta diversity matrix at q = 1","phylogenetic","yes",0.0618280615017284,0.0540042979991995,0.285006211022846,98438952,14336,"bench",10,200,50,"Direct hilldiv3 call.",NA,2,0.065856209024787,1
"B4.2","B4","Pairwise beta diversity matrix","hilldiv3","3.0.0.9000","pairwise_phylogenetic","Pairwise beta diversity matrix at q = 1","phylogenetic","yes",0.0618280615017284,0.0540042979991995,0.285006211022846,98438952,14336,"bench",10,200,50,"Direct hilldiv3 call.",NA,3,0.0691577750258148,1
"B4.2","B4","Pairwise beta diversity matrix","hilldiv3","3.0.0.9000","pairwise_phylogenetic","Pairwise beta diversity matrix at q = 1","phylogenetic","yes",0.0618280615017284,0.0540042979991995,0.285006211022846,98438952,14336,"bench",10,200,50,"Direct hilldiv3 call.",NA,4,0.0540042979991995,1
"B4.2","B4","Pairwise beta diversity matrix","hilldiv3","3.0.0.9000","pairwise_phylogenetic","Pairwise beta diversity matrix at q = 1","phylogenetic","yes",0.0618280615017284,0.0540042979991995,0.285006211022846,98438952,14336,"bench",10,200,50,"Direct hilldiv3 call.",NA,5,0.0594754200428724,1
"B4.2","B4","Pairwise beta diversity matrix","hilldiv3","3.0.0.9000","pairwise_phylogenetic","Pairwise beta diversity matrix at q = 1","phylogenetic","yes",0.0618280615017284,0.0540042979991995,0.285006211022846,98438952,14336,"bench",10,200,50,"Direct hilldiv3 call.",NA,6,0.0707930190255865,1
"B4.2","B4","Pairwise beta diversity matrix","hilldiv3","3.0.0.9000","pairwise_phylogenetic","Pairwise beta diversity matrix at q = 1","phylogenetic","yes",0.0618280615017284,0.0540042979991995,0.285006211022846,98438952,14336,"bench",10,200,50,"Direct hilldiv3 call.",NA,7,0.0606720049981959,1
"B4.2","B4","Pairwise beta diversity matrix","hilldiv3","3.0.0.9000","pairwise_phylogenetic","Pairwise beta diversity matrix at q = 1","phylogenetic","yes",0.0618280615017284,0.0540042979991995,0.285006211022846,98438952,14336,"bench",10,200,50,"Direct hilldiv3 call.",NA,8,0.0613914729910903,1
"B4.2","B4","Pairwise beta diversity matrix","hilldiv3","3.0.0.9000","pairwise_phylogenetic","Pairwise beta diversity matrix at q = 1","phylogenetic","yes",0.0618280615017284,0.0540042979991995,0.285006211022846,98438952,14336,"bench",10,200,50,"Direct hilldiv3 call.",NA,9,0.0622646500123665,1
"B4.2","B4","Pairwise beta diversity matrix","hilldiv3","3.0.0.9000","pairwise_phylogenetic","Pairwise beta diversity matrix at q = 1","phylogenetic","yes",0.0618280615017284,0.0540042979991995,0.285006211022846,98438952,14336,"bench",10,200,50,"Direct hilldiv3 call.",NA,10,0.0580360740423203,1
"B4.3","B4","Pairwise beta diversity matrix","hilldiv3","3.0.0.9000","pairwise_functional","Pairwise beta diversity matrix at q = 1","functional","yes",0.0698414090147708,0.0623190979822539,0.095828193007037,71299472,14336,"bench",10,200,50,"Direct hilldiv3 call.",NA,1,0.0691797100007534,1
"B4.3","B4","Pairwise beta diversity matrix","hilldiv3","3.0.0.9000","pairwise_functional","Pairwise beta diversity matrix at q = 1","functional","yes",0.0698414090147708,0.0623190979822539,0.095828193007037,71299472,14336,"bench",10,200,50,"Direct hilldiv3 call.",NA,2,0.066228284034878,1
"B4.3","B4","Pairwise beta diversity matrix","hilldiv3","3.0.0.9000","pairwise_functional","Pairwise beta diversity matrix at q = 1","functional","yes",0.0698414090147708,0.0623190979822539,0.095828193007037,71299472,14336,"bench",10,200,50,"Direct hilldiv3 call.",NA,3,0.0808788550202735,1
"B4.3","B4","Pairwise beta diversity matrix","hilldiv3","3.0.0.9000","pairwise_functional","Pairwise beta diversity matrix at q = 1","functional","yes",0.0698414090147708,0.0623190979822539,0.095828193007037,71299472,14336,"bench",10,200,50,"Direct hilldiv3 call.",NA,4,0.0654210760258138,1
"B4.3","B4","Pairwise beta diversity matrix","hilldiv3","3.0.0.9000","pairwise_functional","Pairwise beta diversity matrix at q = 1","functional","yes",0.0698414090147708,0.0623190979822539,0.095828193007037,71299472,14336,"bench",10,200,50,"Direct hilldiv3 call.",NA,5,0.0724185460130684,1
"B4.3","B4","Pairwise beta diversity matrix","hilldiv3","3.0.0.9000","pairwise_functional","Pairwise beta diversity matrix at q = 1","functional","yes",0.0698414090147708,0.0623190979822539,0.095828193007037,71299472,14336,"bench",10,200,50,"Direct hilldiv3 call.",NA,6,0.0658884350559674,1
"B4.3","B4","Pairwise beta diversity matrix","hilldiv3","3.0.0.9000","pairwise_functional","Pairwise beta diversity matrix at q = 1","functional","yes",0.0698414090147708,0.0623190979822539,0.095828193007037,71299472,14336,"bench",10,200,50,"Direct hilldiv3 call.",NA,7,0.095828193007037,1
"B4.3","B4","Pairwise beta diversity matrix","hilldiv3","3.0.0.9000","pairwise_functional","Pairwise beta diversity matrix at q = 1","functional","yes",0.0698414090147708,0.0623190979822539,0.095828193007037,71299472,14336,"bench",10,200,50,"Direct hilldiv3 call.",NA,8,0.0726182160433382,1
"B4.3","B4","Pairwise beta diversity matrix","hilldiv3","3.0.0.9000","pairwise_functional","Pairwise beta diversity matrix at q = 1","functional","yes",0.0698414090147708,0.0623190979822539,0.095828193007037,71299472,14336,"bench",10,200,50,"Direct hilldiv3 call.",NA,9,0.0623190979822539,1
"B4.3","B4","Pairwise beta diversity matrix","hilldiv3","3.0.0.9000","pairwise_functional","Pairwise beta diversity matrix at q = 1","functional","yes",0.0698414090147708,0.0623190979822539,0.095828193007037,71299472,14336,"bench",10,200,50,"Direct hilldiv3 call.",NA,10,0.0705031080287881,1
"B1.1","B1","Alpha diversity","hilldiv2","2.0.5","alpha_neutral","Alpha diversity at q = 0, 1, 2","neutral","yes",0.00135775600210764,0.00126685900613666,0.00190609000856057,2604432,5488,"bench",10,200,50,"Direct hilldiv2 call.",NA,1,0.00140039599500597,0.255697325831812
"B1.1","B1","Alpha diversity","hilldiv2","2.0.5","alpha_neutral","Alpha diversity at q = 0, 1, 2","neutral","yes",0.00135775600210764,0.00126685900613666,0.00190609000856057,2604432,5488,"bench",10,200,50,"Direct hilldiv2 call.",NA,2,0.00132495601428673,0.255697325831812
"B1.1","B1","Alpha diversity","hilldiv2","2.0.5","alpha_neutral","Alpha diversity at q = 0, 1, 2","neutral","yes",0.00135775600210764,0.00126685900613666,0.00190609000856057,2604432,5488,"bench",10,200,50,"Direct hilldiv2 call.",NA,3,0.0012681299704127,0.255697325831812
"B1.1","B1","Alpha diversity","hilldiv2","2.0.5","alpha_neutral","Alpha diversity at q = 0, 1, 2","neutral","yes",0.00135775600210764,0.00126685900613666,0.00190609000856057,2604432,5488,"bench",10,200,50,"Direct hilldiv2 call.",NA,4,0.00126685900613666,0.255697325831812
"B1.1","B1","Alpha diversity","hilldiv2","2.0.5","alpha_neutral","Alpha diversity at q = 0, 1, 2","neutral","yes",0.00135775600210764,0.00126685900613666,0.00190609000856057,2604432,5488,"bench",10,200,50,"Direct hilldiv2 call.",NA,5,0.00127469003200531,0.255697325831812
"B1.1","B1","Alpha diversity","hilldiv2","2.0.5","alpha_neutral","Alpha diversity at q = 0, 1, 2","neutral","yes",0.00135775600210764,0.00126685900613666,0.00190609000856057,2604432,5488,"bench",10,200,50,"Direct hilldiv2 call.",NA,6,0.0013801830355078,0.255697325831812
"B1.1","B1","Alpha diversity","hilldiv2","2.0.5","alpha_neutral","Alpha diversity at q = 0, 1, 2","neutral","yes",0.00135775600210764,0.00126685900613666,0.00190609000856057,2604432,5488,"bench",10,200,50,"Direct hilldiv2 call.",NA,7,0.001360994996503,0.255697325831812
"B1.1","B1","Alpha diversity","hilldiv2","2.0.5","alpha_neutral","Alpha diversity at q = 0, 1, 2","neutral","yes",0.00135775600210764,0.00126685900613666,0.00190609000856057,2604432,5488,"bench",10,200,50,"Direct hilldiv2 call.",NA,8,0.00190609000856057,0.255697325831812
"B1.1","B1","Alpha diversity","hilldiv2","2.0.5","alpha_neutral","Alpha diversity at q = 0, 1, 2","neutral","yes",0.00135775600210764,0.00126685900613666,0.00190609000856057,2604432,5488,"bench",10,200,50,"Direct hilldiv2 call.",NA,9,0.00135451700771227,0.255697325831812
"B1.1","B1","Alpha diversity","hilldiv2","2.0.5","alpha_neutral","Alpha diversity at q = 0, 1, 2","neutral","yes",0.00135775600210764,0.00126685900613666,0.00190609000856057,2604432,5488,"bench",10,200,50,"Direct hilldiv2 call.",NA,10,0.00137518101837486,0.255697325831812
"B1.2","B1","Alpha diversity","hilldiv2","2.0.5","alpha_phylogenetic","Alpha diversity at q = 0, 1, 2","phylogenetic","yes",0.300894305546535,0.287058630026877,0.317475504998583,392293080,5488,"bench",10,200,50,"Direct hilldiv2 call.",NA,1,0.306698368047364,47.3568139800697
"B1.2","B1","Alpha diversity","hilldiv2","2.0.5","alpha_phylogenetic","Alpha diversity at q = 0, 1, 2","phylogenetic","yes",0.300894305546535,0.287058630026877,0.317475504998583,392293080,5488,"bench",10,200,50,"Direct hilldiv2 call.",NA,2,0.317061323032249,47.3568139800697
"B1.2","B1","Alpha diversity","hilldiv2","2.0.5","alpha_phylogenetic","Alpha diversity at q = 0, 1, 2","phylogenetic","yes",0.300894305546535,0.287058630026877,0.317475504998583,392293080,5488,"bench",10,200,50,"Direct hilldiv2 call.",NA,3,0.293846467044204,47.3568139800697
"B1.2","B1","Alpha diversity","hilldiv2","2.0.5","alpha_phylogenetic","Alpha diversity at q = 0, 1, 2","phylogenetic","yes",0.300894305546535,0.287058630026877,0.317475504998583,392293080,5488,"bench",10,200,50,"Direct hilldiv2 call.",NA,4,0.295090243045706,47.3568139800697
"B1.2","B1","Alpha diversity","hilldiv2","2.0.5","alpha_phylogenetic","Alpha diversity at q = 0, 1, 2","phylogenetic","yes",0.300894305546535,0.287058630026877,0.317475504998583,392293080,5488,"bench",10,200,50,"Direct hilldiv2 call.",NA,5,0.307251785998233,47.3568139800697
"B1.2","B1","Alpha diversity","hilldiv2","2.0.5","alpha_phylogenetic","Alpha diversity at q = 0, 1, 2","phylogenetic","yes",0.300894305546535,0.287058630026877,0.317475504998583,392293080,5488,"bench",10,200,50,"Direct hilldiv2 call.",NA,6,0.288858407060616,47.3568139800697
"B1.2","B1","Alpha diversity","hilldiv2","2.0.5","alpha_phylogenetic","Alpha diversity at q = 0, 1, 2","phylogenetic","yes",0.300894305546535,0.287058630026877,0.317475504998583,392293080,5488,"bench",10,200,50,"Direct hilldiv2 call.",NA,7,0.317475504998583,47.3568139800697
"B1.2","B1","Alpha diversity","hilldiv2","2.0.5","alpha_phylogenetic","Alpha diversity at q = 0, 1, 2","phylogenetic","yes",0.300894305546535,0.287058630026877,0.317475504998583,392293080,5488,"bench",10,200,50,"Direct hilldiv2 call.",NA,8,0.290303616027813,47.3568139800697
"B1.2","B1","Alpha diversity","hilldiv2","2.0.5","alpha_phylogenetic","Alpha diversity at q = 0, 1, 2","phylogenetic","yes",0.300894305546535,0.287058630026877,0.317475504998583,392293080,5488,"bench",10,200,50,"Direct hilldiv2 call.",NA,9,0.313257548026741,47.3568139800697
"B1.2","B1","Alpha diversity","hilldiv2","2.0.5","alpha_phylogenetic","Alpha diversity at q = 0, 1, 2","phylogenetic","yes",0.300894305546535,0.287058630026877,0.317475504998583,392293080,5488,"bench",10,200,50,"Direct hilldiv2 call.",NA,10,0.287058630026877,47.3568139800697
"B1.3","B1","Alpha diversity","hilldiv2","2.0.5","alpha_functional","Alpha diversity at q = 0, 1, 2","functional","yes",0.00892494153231382,0.00522836099844426,0.0554954270482995,21766992,5488,"bench",10,200,50,"Direct hilldiv2 call.",NA,1,0.00522836099844426,1.30274484988816
"B1.3","B1","Alpha diversity","hilldiv2","2.0.5","alpha_functional","Alpha diversity at q = 0, 1, 2","functional","yes",0.00892494153231382,0.00522836099844426,0.0554954270482995,21766992,5488,"bench",10,200,50,"Direct hilldiv2 call.",NA,2,0.0105352370301262,1.30274484988816
"B1.3","B1","Alpha diversity","hilldiv2","2.0.5","alpha_functional","Alpha diversity at q = 0, 1, 2","functional","yes",0.00892494153231382,0.00522836099844426,0.0554954270482995,21766992,5488,"bench",10,200,50,"Direct hilldiv2 call.",NA,3,0.0554954270482995,1.30274484988816
"B1.3","B1","Alpha diversity","hilldiv2","2.0.5","alpha_functional","Alpha diversity at q = 0, 1, 2","functional","yes",0.00892494153231382,0.00522836099844426,0.0554954270482995,21766992,5488,"bench",10,200,50,"Direct hilldiv2 call.",NA,4,0.00537756003905088,1.30274484988816
"B1.3","B1","Alpha diversity","hilldiv2","2.0.5","alpha_functional","Alpha diversity at q = 0, 1, 2","functional","yes",0.00892494153231382,0.00522836099844426,0.0554954270482995,21766992,5488,"bench",10,200,50,"Direct hilldiv2 call.",NA,5,0.00887104705907404,1.30274484988816
"B1.3","B1","Alpha diversity","hilldiv2","2.0.5","alpha_functional","Alpha diversity at q = 0, 1, 2","functional","yes",0.00892494153231382,0.00522836099844426,0.0554954270482995,21766992,5488,"bench",10,200,50,"Direct hilldiv2 call.",NA,6,0.0089788360055536,1.30274484988816
"B1.3","B1","Alpha diversity","hilldiv2","2.0.5","alpha_functional","Alpha diversity at q = 0, 1, 2","functional","yes",0.00892494153231382,0.00522836099844426,0.0554954270482995,21766992,5488,"bench",10,200,50,"Direct hilldiv2 call.",NA,7,0.00844140799017623,1.30274484988816
"B1.3","B1","Alpha diversity","hilldiv2","2.0.5","alpha_functional","Alpha diversity at q = 0, 1, 2","functional","yes",0.00892494153231382,0.00522836099844426,0.0554954270482995,21766992,5488,"bench",10,200,50,"Direct hilldiv2 call.",NA,8,0.0118283360498026,1.30274484988816
"B1.3","B1","Alpha diversity","hilldiv2","2.0.5","alpha_functional","Alpha diversity at q = 0, 1, 2","functional","yes",0.00892494153231382,0.00522836099844426,0.0554954270482995,21766992,5488,"bench",10,200,50,"Direct hilldiv2 call.",NA,9,0.0108469600090757,1.30274484988816
"B1.3","B1","Alpha diversity","hilldiv2","2.0.5","alpha_functional","Alpha diversity at q = 0, 1, 2","functional","yes",0.00892494153231382,0.00522836099844426,0.0554954270482995,21766992,5488,"bench",10,200,50,"Direct hilldiv2 call.",NA,10,0.0085388240404427,1.30274484988816
"B2.1","B2","Diversity partitioning without hierarchy","hilldiv2","2.0.5","partition_neutral","Diversity partitioning at q = 0, 1, 2","neutral","yes",0.0018344834970776,0.00165980303427204,0.00252063904190436,4374112,1016,"bench",10,200,50,"Direct hilldiv2 call.",NA,1,0.00252063904190436,0.367326585633459
"B2.1","B2","Diversity partitioning without hierarchy","hilldiv2","2.0.5","partition_neutral","Diversity partitioning at q = 0, 1, 2","neutral","yes",0.0018344834970776,0.00165980303427204,0.00252063904190436,4374112,1016,"bench",10,200,50,"Direct hilldiv2 call.",NA,2,0.00195225601783022,0.367326585633459
"B2.1","B2","Diversity partitioning without hierarchy","hilldiv2","2.0.5","partition_neutral","Diversity partitioning at q = 0, 1, 2","neutral","yes",0.0018344834970776,0.00165980303427204,0.00252063904190436,4374112,1016,"bench",10,200,50,"Direct hilldiv2 call.",NA,3,0.00178104004589841,0.367326585633459
"B2.1","B2","Diversity partitioning without hierarchy","hilldiv2","2.0.5","partition_neutral","Diversity partitioning at q = 0, 1, 2","neutral","yes",0.0018344834970776,0.00165980303427204,0.00252063904190436,4374112,1016,"bench",10,200,50,"Direct hilldiv2 call.",NA,4,0.00165980303427204,0.367326585633459
"B2.1","B2","Diversity partitioning without hierarchy","hilldiv2","2.0.5","partition_neutral","Diversity partitioning at q = 0, 1, 2","neutral","yes",0.0018344834970776,0.00165980303427204,0.00252063904190436,4374112,1016,"bench",10,200,50,"Direct hilldiv2 call.",NA,5,0.00208948296494782,0.367326585633459
"B2.1","B2","Diversity partitioning without hierarchy","hilldiv2","2.0.5","partition_neutral","Diversity partitioning at q = 0, 1, 2","neutral","yes",0.0018344834970776,0.00165980303427204,0.00252063904190436,4374112,1016,"bench",10,200,50,"Direct hilldiv2 call.",NA,6,0.00194204703439027,0.367326585633459
"B2.1","B2","Diversity partitioning without hierarchy","hilldiv2","2.0.5","partition_neutral","Diversity partitioning at q = 0, 1, 2","neutral","yes",0.0018344834970776,0.00165980303427204,0.00252063904190436,4374112,1016,"bench",10,200,50,"Direct hilldiv2 call.",NA,7,0.00183028099127114,0.367326585633459
"B2.1","B2","Diversity partitioning without hierarchy","hilldiv2","2.0.5","partition_neutral","Diversity partitioning at q = 0, 1, 2","neutral","yes",0.0018344834970776,0.00165980303427204,0.00252063904190436,4374112,1016,"bench",10,200,50,"Direct hilldiv2 call.",NA,8,0.00173499702941626,0.367326585633459
"B2.1","B2","Diversity partitioning without hierarchy","hilldiv2","2.0.5","partition_neutral","Diversity partitioning at q = 0, 1, 2","neutral","yes",0.0018344834970776,0.00165980303427204,0.00252063904190436,4374112,1016,"bench",10,200,50,"Direct hilldiv2 call.",NA,9,0.00183868600288406,0.367326585633459
"B2.1","B2","Diversity partitioning without hierarchy","hilldiv2","2.0.5","partition_neutral","Diversity partitioning at q = 0, 1, 2","neutral","yes",0.0018344834970776,0.00165980303427204,0.00252063904190436,4374112,1016,"bench",10,200,50,"Direct hilldiv2 call.",NA,10,0.00177005201112479,0.367326585633459
"B2.2","B2","Diversity partitioning without hierarchy","hilldiv2","2.0.5","partition_phylogenetic","Diversity partitioning at q = 0, 1, 2","phylogenetic","yes",0.262029011530103,0.229178315028548,0.611249812005553,375128504,1016,"bench",10,200,50,"Direct hilldiv2 call.",NA,1,0.321929376048502,42.7279752414466
"B2.2","B2","Diversity partitioning without hierarchy","hilldiv2","2.0.5","partition_phylogenetic","Diversity partitioning at q = 0, 1, 2","phylogenetic","yes",0.262029011530103,0.229178315028548,0.611249812005553,375128504,1016,"bench",10,200,50,"Direct hilldiv2 call.",NA,2,0.273144870065153,42.7279752414466
"B2.2","B2","Diversity partitioning without hierarchy","hilldiv2","2.0.5","partition_phylogenetic","Diversity partitioning at q = 0, 1, 2","phylogenetic","yes",0.262029011530103,0.229178315028548,0.611249812005553,375128504,1016,"bench",10,200,50,"Direct hilldiv2 call.",NA,3,0.263279040053021,42.7279752414466
"B2.2","B2","Diversity partitioning without hierarchy","hilldiv2","2.0.5","partition_phylogenetic","Diversity partitioning at q = 0, 1, 2","phylogenetic","yes",0.262029011530103,0.229178315028548,0.611249812005553,375128504,1016,"bench",10,200,50,"Direct hilldiv2 call.",NA,4,0.260778983007185,42.7279752414466
"B2.2","B2","Diversity partitioning without hierarchy","hilldiv2","2.0.5","partition_phylogenetic","Diversity partitioning at q = 0, 1, 2","phylogenetic","yes",0.262029011530103,0.229178315028548,0.611249812005553,375128504,1016,"bench",10,200,50,"Direct hilldiv2 call.",NA,5,0.275174739013892,42.7279752414466
"B2.2","B2","Diversity partitioning without hierarchy","hilldiv2","2.0.5","partition_phylogenetic","Diversity partitioning at q = 0, 1, 2","phylogenetic","yes",0.262029011530103,0.229178315028548,0.611249812005553,375128504,1016,"bench",10,200,50,"Direct hilldiv2 call.",NA,6,0.611249812005553,42.7279752414466
"B2.2","B2","Diversity partitioning without hierarchy","hilldiv2","2.0.5","partition_phylogenetic","Diversity partitioning at q = 0, 1, 2","phylogenetic","yes",0.262029011530103,0.229178315028548,0.611249812005553,375128504,1016,"bench",10,200,50,"Direct hilldiv2 call.",NA,7,0.250014925026335,42.7279752414466
"B2.2","B2","Diversity partitioning without hierarchy","hilldiv2","2.0.5","partition_phylogenetic","Diversity partitioning at q = 0, 1, 2","phylogenetic","yes",0.262029011530103,0.229178315028548,0.611249812005553,375128504,1016,"bench",10,200,50,"Direct hilldiv2 call.",NA,8,0.243589200021233,42.7279752414466
"B2.2","B2","Diversity partitioning without hierarchy","hilldiv2","2.0.5","partition_phylogenetic","Diversity partitioning at q = 0, 1, 2","phylogenetic","yes",0.262029011530103,0.229178315028548,0.611249812005553,375128504,1016,"bench",10,200,50,"Direct hilldiv2 call.",NA,9,0.229178315028548,42.7279752414466
"B2.2","B2","Diversity partitioning without hierarchy","hilldiv2","2.0.5","partition_phylogenetic","Diversity partitioning at q = 0, 1, 2","phylogenetic","yes",0.262029011530103,0.229178315028548,0.611249812005553,375128504,1016,"bench",10,200,50,"Direct hilldiv2 call.",NA,10,0.241258841997478,42.7279752414466
"B2.3","B2","Diversity partitioning without hierarchy","hilldiv2","2.0.5","partition_functional","Diversity partitioning at q = 0, 1, 2","functional","yes",0.00686901703011245,0.00349541398463771,0.0481668000575155,21086376,1016,"bench",10,200,50,"Direct hilldiv2 call.",NA,1,0.00570843002060428,0.9654168951708
"B2.3","B2","Diversity partitioning without hierarchy","hilldiv2","2.0.5","partition_functional","Diversity partitioning at q = 0, 1, 2","functional","yes",0.00686901703011245,0.00349541398463771,0.0481668000575155,21086376,1016,"bench",10,200,50,"Direct hilldiv2 call.",NA,2,0.0107342100236565,0.9654168951708
"B2.3","B2","Diversity partitioning without hierarchy","hilldiv2","2.0.5","partition_functional","Diversity partitioning at q = 0, 1, 2","functional","yes",0.00686901703011245,0.00349541398463771,0.0481668000575155,21086376,1016,"bench",10,200,50,"Direct hilldiv2 call.",NA,3,0.0481668000575155,0.9654168951708
"B2.3","B2","Diversity partitioning without hierarchy","hilldiv2","2.0.5","partition_functional","Diversity partitioning at q = 0, 1, 2","functional","yes",0.00686901703011245,0.00349541398463771,0.0481668000575155,21086376,1016,"bench",10,200,50,"Direct hilldiv2 call.",NA,4,0.00480056705418974,0.9654168951708
"B2.3","B2","Diversity partitioning without hierarchy","hilldiv2","2.0.5","partition_functional","Diversity partitioning at q = 0, 1, 2","functional","yes",0.00686901703011245,0.00349541398463771,0.0481668000575155,21086376,1016,"bench",10,200,50,"Direct hilldiv2 call.",NA,5,0.00767155102221295,0.9654168951708
"B2.3","B2","Diversity partitioning without hierarchy","hilldiv2","2.0.5","partition_functional","Diversity partitioning at q = 0, 1, 2","functional","yes",0.00686901703011245,0.00349541398463771,0.0481668000575155,21086376,1016,"bench",10,200,50,"Direct hilldiv2 call.",NA,6,0.00696245604194701,0.9654168951708
"B2.3","B2","Diversity partitioning without hierarchy","hilldiv2","2.0.5","partition_functional","Diversity partitioning at q = 0, 1, 2","functional","yes",0.00686901703011245,0.00349541398463771,0.0481668000575155,21086376,1016,"bench",10,200,50,"Direct hilldiv2 call.",NA,7,0.00349541398463771,0.9654168951708
"B2.3","B2","Diversity partitioning without hierarchy","hilldiv2","2.0.5","partition_functional","Diversity partitioning at q = 0, 1, 2","functional","yes",0.00686901703011245,0.00349541398463771,0.0481668000575155,21086376,1016,"bench",10,200,50,"Direct hilldiv2 call.",NA,8,0.00677557801827788,0.9654168951708
"B2.3","B2","Diversity partitioning without hierarchy","hilldiv2","2.0.5","partition_functional","Diversity partitioning at q = 0, 1, 2","functional","yes",0.00686901703011245,0.00349541398463771,0.0481668000575155,21086376,1016,"bench",10,200,50,"Direct hilldiv2 call.",NA,9,0.00627812504535541,0.9654168951708
"B2.3","B2","Diversity partitioning without hierarchy","hilldiv2","2.0.5","partition_functional","Diversity partitioning at q = 0, 1, 2","functional","yes",0.00686901703011245,0.00349541398463771,0.0481668000575155,21086376,1016,"bench",10,200,50,"Direct hilldiv2 call.",NA,10,0.0122124240151607,0.9654168951708
"B3.1","B3","Nested diversity partitioning","hilldiv2","2.0.5","hierarchical_partition_neutral","Nested diversity partitioning at q = 0, 1, 2","neutral","no",NA,NA,NA,NA,NA,NA,10,200,50,"No nested hierarchy argument in hilldiv2.",NA,NA,NA,NA
"B3.2","B3","Nested diversity partitioning","hilldiv2","2.0.5","hierarchical_partition_phylogenetic","Nested diversity partitioning at q = 0, 1, 2","phylogenetic","no",NA,NA,NA,NA,NA,NA,10,200,50,"No nested hierarchy argument in hilldiv2.",NA,NA,NA,NA
"B3.3","B3","Nested diversity partitioning","hilldiv2","2.0.5","hierarchical_partition_functional","Nested diversity partitioning at q = 0, 1, 2","functional","no",NA,NA,NA,NA,NA,NA,10,200,50,"No nested hierarchy argument in hilldiv2.",NA,NA,NA,NA
"B4.1","B4","Pairwise beta diversity matrix","hilldiv2","2.0.5","pairwise_neutral","Pairwise beta diversity matrix at q = 1","neutral","yes",2.20301730951178,2.16185747098643,2.45115691504907,116516584,14336,"bench",10,200,50,"Direct hilldiv2 call.",NA,1,2.21145012800116,41.1659701060385
"B4.1","B4","Pairwise beta diversity matrix","hilldiv2","2.0.5","pairwise_neutral","Pairwise beta diversity matrix at q = 1","neutral","yes",2.20301730951178,2.16185747098643,2.45115691504907,116516584,14336,"bench",10,200,50,"Direct hilldiv2 call.",NA,2,2.36038824496791,41.1659701060385
"B4.1","B4","Pairwise beta diversity matrix","hilldiv2","2.0.5","pairwise_neutral","Pairwise beta diversity matrix at q = 1","neutral","yes",2.20301730951178,2.16185747098643,2.45115691504907,116516584,14336,"bench",10,200,50,"Direct hilldiv2 call.",NA,3,2.45115691504907,41.1659701060385
"B4.1","B4","Pairwise beta diversity matrix","hilldiv2","2.0.5","pairwise_neutral","Pairwise beta diversity matrix at q = 1","neutral","yes",2.20301730951178,2.16185747098643,2.45115691504907,116516584,14336,"bench",10,200,50,"Direct hilldiv2 call.",NA,4,2.17793266900117,41.1659701060385
"B4.1","B4","Pairwise beta diversity matrix","hilldiv2","2.0.5","pairwise_neutral","Pairwise beta diversity matrix at q = 1","neutral","yes",2.20301730951178,2.16185747098643,2.45115691504907,116516584,14336,"bench",10,200,50,"Direct hilldiv2 call.",NA,5,2.25577982002869,41.1659701060385
"B4.1","B4","Pairwise beta diversity matrix","hilldiv2","2.0.5","pairwise_neutral","Pairwise beta diversity matrix at q = 1","neutral","yes",2.20301730951178,2.16185747098643,2.45115691504907,116516584,14336,"bench",10,200,50,"Direct hilldiv2 call.",NA,6,2.1945844910224,41.1659701060385
"B4.1","B4","Pairwise beta diversity matrix","hilldiv2","2.0.5","pairwise_neutral","Pairwise beta diversity matrix at q = 1","neutral","yes",2.20301730951178,2.16185747098643,2.45115691504907,116516584,14336,"bench",10,200,50,"Direct hilldiv2 call.",NA,7,2.17495545401471,41.1659701060385
"B4.1","B4","Pairwise beta diversity matrix","hilldiv2","2.0.5","pairwise_neutral","Pairwise beta diversity matrix at q = 1","neutral","yes",2.20301730951178,2.16185747098643,2.45115691504907,116516584,14336,"bench",10,200,50,"Direct hilldiv2 call.",NA,8,2.17647339700488,41.1659701060385
"B4.1","B4","Pairwise beta diversity matrix","hilldiv2","2.0.5","pairwise_neutral","Pairwise beta diversity matrix at q = 1","neutral","yes",2.20301730951178,2.16185747098643,2.45115691504907,116516584,14336,"bench",10,200,50,"Direct hilldiv2 call.",NA,9,2.37231108598644,41.1659701060385
"B4.1","B4","Pairwise beta diversity matrix","hilldiv2","2.0.5","pairwise_neutral","Pairwise beta diversity matrix at q = 1","neutral","yes",2.20301730951178,2.16185747098643,2.45115691504907,116516584,14336,"bench",10,200,50,"Direct hilldiv2 call.",NA,10,2.16185747098643,41.1659701060385
"B4.2","B4","Pairwise beta diversity matrix","hilldiv2","2.0.5","pairwise_phylogenetic","Pairwise beta diversity matrix at q = 1","phylogenetic","yes",50.5830377685197,45.5582907840144,166.588486168999,20123228016,14336,"bench",10,200,50,"Direct hilldiv2 call.",NA,1,76.8813577879919,818.124271405561
"B4.2","B4","Pairwise beta diversity matrix","hilldiv2","2.0.5","pairwise_phylogenetic","Pairwise beta diversity matrix at q = 1","phylogenetic","yes",50.5830377685197,45.5582907840144,166.588486168999,20123228016,14336,"bench",10,200,50,"Direct hilldiv2 call.",NA,2,45.5582907840144,818.124271405561
"B4.2","B4","Pairwise beta diversity matrix","hilldiv2","2.0.5","pairwise_phylogenetic","Pairwise beta diversity matrix at q = 1","phylogenetic","yes",50.5830377685197,45.5582907840144,166.588486168999,20123228016,14336,"bench",10,200,50,"Direct hilldiv2 call.",NA,3,116.584914417996,818.124271405561
"B4.2","B4","Pairwise beta diversity matrix","hilldiv2","2.0.5","pairwise_phylogenetic","Pairwise beta diversity matrix at q = 1","phylogenetic","yes",50.5830377685197,45.5582907840144,166.588486168999,20123228016,14336,"bench",10,200,50,"Direct hilldiv2 call.",NA,4,51.0525563000119,818.124271405561
"B4.2","B4","Pairwise beta diversity matrix","hilldiv2","2.0.5","pairwise_phylogenetic","Pairwise beta diversity matrix at q = 1","phylogenetic","yes",50.5830377685197,45.5582907840144,166.588486168999,20123228016,14336,"bench",10,200,50,"Direct hilldiv2 call.",NA,5,50.6780206440017,818.124271405561
"B4.2","B4","Pairwise beta diversity matrix","hilldiv2","2.0.5","pairwise_phylogenetic","Pairwise beta diversity matrix at q = 1","phylogenetic","yes",50.5830377685197,45.5582907840144,166.588486168999,20123228016,14336,"bench",10,200,50,"Direct hilldiv2 call.",NA,6,166.588486168999,818.124271405561
"B4.2","B4","Pairwise beta diversity matrix","hilldiv2","2.0.5","pairwise_phylogenetic","Pairwise beta diversity matrix at q = 1","phylogenetic","yes",50.5830377685197,45.5582907840144,166.588486168999,20123228016,14336,"bench",10,200,50,"Direct hilldiv2 call.",NA,7,48.0485601410619,818.124271405561
"B4.2","B4","Pairwise beta diversity matrix","hilldiv2","2.0.5","pairwise_phylogenetic","Pairwise beta diversity matrix at q = 1","phylogenetic","yes",50.5830377685197,45.5582907840144,166.588486168999,20123228016,14336,"bench",10,200,50,"Direct hilldiv2 call.",NA,8,50.4880548930378,818.124271405561
"B4.2","B4","Pairwise beta diversity matrix","hilldiv2","2.0.5","pairwise_phylogenetic","Pairwise beta diversity matrix at q = 1","phylogenetic","yes",50.5830377685197,45.5582907840144,166.588486168999,20123228016,14336,"bench",10,200,50,"Direct hilldiv2 call.",NA,9,50.196634314023,818.124271405561
"B4.2","B4","Pairwise beta diversity matrix","hilldiv2","2.0.5","pairwise_phylogenetic","Pairwise beta diversity matrix at q = 1","phylogenetic","yes",50.5830377685197,45.5582907840144,166.588486168999,20123228016,14336,"bench",10,200,50,"Direct hilldiv2 call.",NA,10,50.0014272460248,818.124271405561
"B4.3","B4","Pairwise beta diversity matrix","hilldiv2","2.0.5","pairwise_functional","Pairwise beta diversity matrix at q = 1","functional","yes",2.05940894651576,2.01623904204462,2.29366279504029,1731765640,14336,"bench",10,200,50,"Direct hilldiv2 call.",NA,1,2.29366279504029,29.4869329752528
"B4.3","B4","Pairwise beta diversity matrix","hilldiv2","2.0.5","pairwise_functional","Pairwise beta diversity matrix at q = 1","functional","yes",2.05940894651576,2.01623904204462,2.29366279504029,1731765640,14336,"bench",10,200,50,"Direct hilldiv2 call.",NA,2,2.05629448400578,29.4869329752528
"B4.3","B4","Pairwise beta diversity matrix","hilldiv2","2.0.5","pairwise_functional","Pairwise beta diversity matrix at q = 1","functional","yes",2.05940894651576,2.01623904204462,2.29366279504029,1731765640,14336,"bench",10,200,50,"Direct hilldiv2 call.",NA,3,2.01623904204462,29.4869329752528
"B4.3","B4","Pairwise beta diversity matrix","hilldiv2","2.0.5","pairwise_functional","Pairwise beta diversity matrix at q = 1","functional","yes",2.05940894651576,2.01623904204462,2.29366279504029,1731765640,14336,"bench",10,200,50,"Direct hilldiv2 call.",NA,4,2.23088056099368,29.4869329752528
"B4.3","B4","Pairwise beta diversity matrix","hilldiv2","2.0.5","pairwise_functional","Pairwise beta diversity matrix at q = 1","functional","yes",2.05940894651576,2.01623904204462,2.29366279504029,1731765640,14336,"bench",10,200,50,"Direct hilldiv2 call.",NA,5,2.05005362804513,29.4869329752528
"B4.3","B4","Pairwise beta diversity matrix","hilldiv2","2.0.5","pairwise_functional","Pairwise beta diversity matrix at q = 1","functional","yes",2.05940894651576,2.01623904204462,2.29366279504029,1731765640,14336,"bench",10,200,50,"Direct hilldiv2 call.",NA,6,2.18519709003158,29.4869329752528
"B4.3","B4","Pairwise beta diversity matrix","hilldiv2","2.0.5","pairwise_functional","Pairwise beta diversity matrix at q = 1","functional","yes",2.05940894651576,2.01623904204462,2.29366279504029,1731765640,14336,"bench",10,200,50,"Direct hilldiv2 call.",NA,7,2.21654200000921,29.4869329752528
"B4.3","B4","Pairwise beta diversity matrix","hilldiv2","2.0.5","pairwise_functional","Pairwise beta diversity matrix at q = 1","functional","yes",2.05940894651576,2.01623904204462,2.29366279504029,1731765640,14336,"bench",10,200,50,"Direct hilldiv2 call.",NA,8,2.04212574503617,29.4869329752528
"B4.3","B4","Pairwise beta diversity matrix","hilldiv2","2.0.5","pairwise_functional","Pairwise beta diversity matrix at q = 1","functional","yes",2.05940894651576,2.01623904204462,2.29366279504029,1731765640,14336,"bench",10,200,50,"Direct hilldiv2 call.",NA,9,2.02167326398194,29.4869329752528
"B4.3","B4","Pairwise beta diversity matrix","hilldiv2","2.0.5","pairwise_functional","Pairwise beta diversity matrix at q = 1","functional","yes",2.05940894651576,2.01623904204462,2.29366279504029,1731765640,14336,"bench",10,200,50,"Direct hilldiv2 call.",NA,10,2.06252340902574,29.4869329752528
"B1.1","B1","Alpha diversity","hillR","0.5.2","alpha_neutral","Alpha diversity at q = 0, 1, 2","neutral","yes",0.00117348149069585,0.00113656104076654,0.00173692405223846,2255128,12504,"bench",10,200,50,"Taxonomic Hill numbers via hill_taxa().",NA,1,0.00173692405223846,0.220994109853525
"B1.1","B1","Alpha diversity","hillR","0.5.2","alpha_neutral","Alpha diversity at q = 0, 1, 2","neutral","yes",0.00117348149069585,0.00113656104076654,0.00173692405223846,2255128,12504,"bench",10,200,50,"Taxonomic Hill numbers via hill_taxa().",NA,2,0.00125927402405068,0.220994109853525
"B1.1","B1","Alpha diversity","hillR","0.5.2","alpha_neutral","Alpha diversity at q = 0, 1, 2","neutral","yes",0.00117348149069585,0.00113656104076654,0.00173692405223846,2255128,12504,"bench",10,200,50,"Taxonomic Hill numbers via hill_taxa().",NA,3,0.00116399000398815,0.220994109853525
"B1.1","B1","Alpha diversity","hillR","0.5.2","alpha_neutral","Alpha diversity at q = 0, 1, 2","neutral","yes",0.00117348149069585,0.00113656104076654,0.00173692405223846,2255128,12504,"bench",10,200,50,"Taxonomic Hill numbers via hill_taxa().",NA,4,0.00117608497384936,0.220994109853525
"B1.1","B1","Alpha diversity","hillR","0.5.2","alpha_neutral","Alpha diversity at q = 0, 1, 2","neutral","yes",0.00117348149069585,0.00113656104076654,0.00173692405223846,2255128,12504,"bench",10,200,50,"Taxonomic Hill numbers via hill_taxa().",NA,5,0.00121146801393479,0.220994109853525
"B1.1","B1","Alpha diversity","hillR","0.5.2","alpha_neutral","Alpha diversity at q = 0, 1, 2","neutral","yes",0.00117348149069585,0.00113656104076654,0.00173692405223846,2255128,12504,"bench",10,200,50,"Taxonomic Hill numbers via hill_taxa().",NA,6,0.00117087800754234,0.220994109853525
"B1.1","B1","Alpha diversity","hillR","0.5.2","alpha_neutral","Alpha diversity at q = 0, 1, 2","neutral","yes",0.00117348149069585,0.00113656104076654,0.00173692405223846,2255128,12504,"bench",10,200,50,"Taxonomic Hill numbers via hill_taxa().",NA,7,0.00114693405339494,0.220994109853525
"B1.1","B1","Alpha diversity","hillR","0.5.2","alpha_neutral","Alpha diversity at q = 0, 1, 2","neutral","yes",0.00117348149069585,0.00113656104076654,0.00173692405223846,2255128,12504,"bench",10,200,50,"Taxonomic Hill numbers via hill_taxa().",NA,8,0.00113656104076654,0.220994109853525
"B1.1","B1","Alpha diversity","hillR","0.5.2","alpha_neutral","Alpha diversity at q = 0, 1, 2","neutral","yes",0.00117348149069585,0.00113656104076654,0.00173692405223846,2255128,12504,"bench",10,200,50,"Taxonomic Hill numbers via hill_taxa().",NA,9,0.00118912302423269,0.220994109853525
"B1.1","B1","Alpha diversity","hillR","0.5.2","alpha_neutral","Alpha diversity at q = 0, 1, 2","neutral","yes",0.00117348149069585,0.00113656104076654,0.00173692405223846,2255128,12504,"bench",10,200,50,"Taxonomic Hill numbers via hill_taxa().",NA,10,0.00114951701834798,0.220994109853525
"B1.2","B1","Alpha diversity","hillR","0.5.2","alpha_phylogenetic","Alpha diversity at q = 0, 1, 2","phylogenetic","yes",0.0232410960306879,0.0225187580217607,0.0332437430042773,25065936,12704,"bench",10,200,50,"Phylogenetic Hill numbers via hill_phylo().",NA,1,0.022925068042241,3.65784343914081
"B1.2","B1","Alpha diversity","hillR","0.5.2","alpha_phylogenetic","Alpha diversity at q = 0, 1, 2","phylogenetic","yes",0.0232410960306879,0.0225187580217607,0.0332437430042773,25065936,12704,"bench",10,200,50,"Phylogenetic Hill numbers via hill_phylo().",NA,2,0.0251643650699407,3.65784343914081
"B1.2","B1","Alpha diversity","hillR","0.5.2","alpha_phylogenetic","Alpha diversity at q = 0, 1, 2","phylogenetic","yes",0.0232410960306879,0.0225187580217607,0.0332437430042773,25065936,12704,"bench",10,200,50,"Phylogenetic Hill numbers via hill_phylo().",NA,3,0.0236634780303575,3.65784343914081
"B1.2","B1","Alpha diversity","hillR","0.5.2","alpha_phylogenetic","Alpha diversity at q = 0, 1, 2","phylogenetic","yes",0.0232410960306879,0.0225187580217607,0.0332437430042773,25065936,12704,"bench",10,200,50,"Phylogenetic Hill numbers via hill_phylo().",NA,4,0.0231911990558729,3.65784343914081
"B1.2","B1","Alpha diversity","hillR","0.5.2","alpha_phylogenetic","Alpha diversity at q = 0, 1, 2","phylogenetic","yes",0.0232410960306879,0.0225187580217607,0.0332437430042773,25065936,12704,"bench",10,200,50,"Phylogenetic Hill numbers via hill_phylo().",NA,5,0.023290993005503,3.65784343914081
"B1.2","B1","Alpha diversity","hillR","0.5.2","alpha_phylogenetic","Alpha diversity at q = 0, 1, 2","phylogenetic","yes",0.0232410960306879,0.0225187580217607,0.0332437430042773,25065936,12704,"bench",10,200,50,"Phylogenetic Hill numbers via hill_phylo().",NA,6,0.0229551210068166,3.65784343914081
"B1.2","B1","Alpha diversity","hillR","0.5.2","alpha_phylogenetic","Alpha diversity at q = 0, 1, 2","phylogenetic","yes",0.0232410960306879,0.0225187580217607,0.0332437430042773,25065936,12704,"bench",10,200,50,"Phylogenetic Hill numbers via hill_phylo().",NA,7,0.026499858009629,3.65784343914081
"B1.2","B1","Alpha diversity","hillR","0.5.2","alpha_phylogenetic","Alpha diversity at q = 0, 1, 2","phylogenetic","yes",0.0232410960306879,0.0225187580217607,0.0332437430042773,25065936,12704,"bench",10,200,50,"Phylogenetic Hill numbers via hill_phylo().",NA,8,0.0225187580217607,3.65784343914081
"B1.2","B1","Alpha diversity","hillR","0.5.2","alpha_phylogenetic","Alpha diversity at q = 0, 1, 2","phylogenetic","yes",0.0232410960306879,0.0225187580217607,0.0332437430042773,25065936,12704,"bench",10,200,50,"Phylogenetic Hill numbers via hill_phylo().",NA,9,0.0228065780247562,3.65784343914081
"B1.2","B1","Alpha diversity","hillR","0.5.2","alpha_phylogenetic","Alpha diversity at q = 0, 1, 2","phylogenetic","yes",0.0232410960306879,0.0225187580217607,0.0332437430042773,25065936,12704,"bench",10,200,50,"Phylogenetic Hill numbers via hill_phylo().",NA,10,0.0332437430042773,3.65784343914081
"B1.3","B1","Alpha diversity","hillR","0.5.2","alpha_functional","Alpha diversity at q = 0, 1, 2","functional","yes",0.0879119745222852,0.0840784949832596,0.25412492902251,133964384,19328,"bench",10,200,50,"Functional Hill numbers via hill_func().",NA,1,0.25412492902251,12.8322265908127
"B1.3","B1","Alpha diversity","hillR","0.5.2","alpha_functional","Alpha diversity at q = 0, 1, 2","functional","yes",0.0879119745222852,0.0840784949832596,0.25412492902251,133964384,19328,"bench",10,200,50,"Functional Hill numbers via hill_func().",NA,2,0.0890947220032103,12.8322265908127
"B1.3","B1","Alpha diversity","hillR","0.5.2","alpha_functional","Alpha diversity at q = 0, 1, 2","functional","yes",0.0879119745222852,0.0840784949832596,0.25412492902251,133964384,19328,"bench",10,200,50,"Functional Hill numbers via hill_func().",NA,3,0.0840784949832596,12.8322265908127
"B1.3","B1","Alpha diversity","hillR","0.5.2","alpha_functional","Alpha diversity at q = 0, 1, 2","functional","yes",0.0879119745222852,0.0840784949832596,0.25412492902251,133964384,19328,"bench",10,200,50,"Functional Hill numbers via hill_func().",NA,4,0.0898468670202419,12.8322265908127
"B1.3","B1","Alpha diversity","hillR","0.5.2","alpha_functional","Alpha diversity at q = 0, 1, 2","functional","yes",0.0879119745222852,0.0840784949832596,0.25412492902251,133964384,19328,"bench",10,200,50,"Functional Hill numbers via hill_func().",NA,5,0.0865645710146055,12.8322265908127
"B1.3","B1","Alpha diversity","hillR","0.5.2","alpha_functional","Alpha diversity at q = 0, 1, 2","functional","yes",0.0879119745222852,0.0840784949832596,0.25412492902251,133964384,19328,"bench",10,200,50,"Functional Hill numbers via hill_func().",NA,6,0.08672922704136,12.8322265908127
"B1.3","B1","Alpha diversity","hillR","0.5.2","alpha_functional","Alpha diversity at q = 0, 1, 2","functional","yes",0.0879119745222852,0.0840784949832596,0.25412492902251,133964384,19328,"bench",10,200,50,"Functional Hill numbers via hill_func().",NA,7,0.0849713520146906,12.8322265908127
"B1.3","B1","Alpha diversity","hillR","0.5.2","alpha_functional","Alpha diversity at q = 0, 1, 2","functional","yes",0.0879119745222852,0.0840784949832596,0.25412492902251,133964384,19328,"bench",10,200,50,"Functional Hill numbers via hill_func().",NA,8,0.0900852820486762,12.8322265908127
"B1.3","B1","Alpha diversity","hillR","0.5.2","alpha_functional","Alpha diversity at q = 0, 1, 2","functional","yes",0.0879119745222852,0.0840784949832596,0.25412492902251,133964384,19328,"bench",10,200,50,"Functional Hill numbers via hill_func().",NA,9,0.0862184900324792,12.8322265908127
"B1.3","B1","Alpha diversity","hillR","0.5.2","alpha_functional","Alpha diversity at q = 0, 1, 2","functional","yes",0.0879119745222852,0.0840784949832596,0.25412492902251,133964384,19328,"bench",10,200,50,"Functional Hill numbers via hill_func().",NA,10,0.0911765380296856,12.8322265908127
"B2.1","B2","Diversity partitioning without hierarchy","hillR","0.5.2","partition_neutral","Diversity partitioning at q = 0, 1, 2","neutral","yes",0.0019133675377816,0.00184229406295344,0.00253638299182057,2477216,4832,"bench",10,200,50,"Partitioning via hill_taxa_parti().",NA,1,0.0021138780284673,0.383121879174628
"B2.1","B2","Diversity partitioning without hierarchy","hillR","0.5.2","partition_neutral","Diversity partitioning at q = 0, 1, 2","neutral","yes",0.0019133675377816,0.00184229406295344,0.00253638299182057,2477216,4832,"bench",10,200,50,"Partitioning via hill_taxa_parti().",NA,2,0.00194795103743672,0.383121879174628
"B2.1","B2","Diversity partitioning without hierarchy","hillR","0.5.2","partition_neutral","Diversity partitioning at q = 0, 1, 2","neutral","yes",0.0019133675377816,0.00184229406295344,0.00253638299182057,2477216,4832,"bench",10,200,50,"Partitioning via hill_taxa_parti().",NA,3,0.00186550006037578,0.383121879174628
"B2.1","B2","Diversity partitioning without hierarchy","hillR","0.5.2","partition_neutral","Diversity partitioning at q = 0, 1, 2","neutral","yes",0.0019133675377816,0.00184229406295344,0.00253638299182057,2477216,4832,"bench",10,200,50,"Partitioning via hill_taxa_parti().",NA,4,0.00186476204544306,0.383121879174628
"B2.1","B2","Diversity partitioning without hierarchy","hillR","0.5.2","partition_neutral","Diversity partitioning at q = 0, 1, 2","neutral","yes",0.0019133675377816,0.00184229406295344,0.00253638299182057,2477216,4832,"bench",10,200,50,"Partitioning via hill_taxa_parti().",NA,5,0.00184229406295344,0.383121879174628
"B2.1","B2","Diversity partitioning without hierarchy","hillR","0.5.2","partition_neutral","Diversity partitioning at q = 0, 1, 2","neutral","yes",0.0019133675377816,0.00184229406295344,0.00253638299182057,2477216,4832,"bench",10,200,50,"Partitioning via hill_taxa_parti().",NA,6,0.00219128606840968,0.383121879174628
"B2.1","B2","Diversity partitioning without hierarchy","hillR","0.5.2","partition_neutral","Diversity partitioning at q = 0, 1, 2","neutral","yes",0.0019133675377816,0.00184229406295344,0.00253638299182057,2477216,4832,"bench",10,200,50,"Partitioning via hill_taxa_parti().",NA,7,0.00248201697831973,0.383121879174628
"B2.1","B2","Diversity partitioning without hierarchy","hillR","0.5.2","partition_neutral","Diversity partitioning at q = 0, 1, 2","neutral","yes",0.0019133675377816,0.00184229406295344,0.00253638299182057,2477216,4832,"bench",10,200,50,"Partitioning via hill_taxa_parti().",NA,8,0.00253638299182057,0.383121879174628
"B2.1","B2","Diversity partitioning without hierarchy","hillR","0.5.2","partition_neutral","Diversity partitioning at q = 0, 1, 2","neutral","yes",0.0019133675377816,0.00184229406295344,0.00253638299182057,2477216,4832,"bench",10,200,50,"Partitioning via hill_taxa_parti().",NA,9,0.00187677500071004,0.383121879174628
"B2.1","B2","Diversity partitioning without hierarchy","hillR","0.5.2","partition_neutral","Diversity partitioning at q = 0, 1, 2","neutral","yes",0.0019133675377816,0.00184229406295344,0.00253638299182057,2477216,4832,"bench",10,200,50,"Partitioning via hill_taxa_parti().",NA,10,0.00187878403812647,0.383121879174628
"B2.2","B2","Diversity partitioning without hierarchy","hillR","0.5.2","partition_phylogenetic","Diversity partitioning at q = 0, 1, 2","phylogenetic","yes",0.0231522080430295,0.0184584460221231,0.0266813650378026,20893280,4400,"bench",10,200,50,"Partitioning via hill_phylo_parti().",NA,1,0.0184584460221231,3.77533375510878
"B2.2","B2","Diversity partitioning without hierarchy","hillR","0.5.2","partition_phylogenetic","Diversity partitioning at q = 0, 1, 2","phylogenetic","yes",0.0231522080430295,0.0184584460221231,0.0266813650378026,20893280,4400,"bench",10,200,50,"Partitioning via hill_phylo_parti().",NA,2,0.0250863010296598,3.77533375510878
"B2.2","B2","Diversity partitioning without hierarchy","hillR","0.5.2","partition_phylogenetic","Diversity partitioning at q = 0, 1, 2","phylogenetic","yes",0.0231522080430295,0.0184584460221231,0.0266813650378026,20893280,4400,"bench",10,200,50,"Partitioning via hill_phylo_parti().",NA,3,0.0266813650378026,3.77533375510878
"B2.2","B2","Diversity partitioning without hierarchy","hillR","0.5.2","partition_phylogenetic","Diversity partitioning at q = 0, 1, 2","phylogenetic","yes",0.0231522080430295,0.0184584460221231,0.0266813650378026,20893280,4400,"bench",10,200,50,"Partitioning via hill_phylo_parti().",NA,4,0.024970393977128,3.77533375510878
"B2.2","B2","Diversity partitioning without hierarchy","hillR","0.5.2","partition_phylogenetic","Diversity partitioning at q = 0, 1, 2","phylogenetic","yes",0.0231522080430295,0.0184584460221231,0.0266813650378026,20893280,4400,"bench",10,200,50,"Partitioning via hill_phylo_parti().",NA,5,0.0231659840210341,3.77533375510878
"B2.2","B2","Diversity partitioning without hierarchy","hillR","0.5.2","partition_phylogenetic","Diversity partitioning at q = 0, 1, 2","phylogenetic","yes",0.0231522080430295,0.0184584460221231,0.0266813650378026,20893280,4400,"bench",10,200,50,"Partitioning via hill_phylo_parti().",NA,6,0.0189885760191828,3.77533375510878
"B2.2","B2","Diversity partitioning without hierarchy","hillR","0.5.2","partition_phylogenetic","Diversity partitioning at q = 0, 1, 2","phylogenetic","yes",0.0231522080430295,0.0184584460221231,0.0266813650378026,20893280,4400,"bench",10,200,50,"Partitioning via hill_phylo_parti().",NA,7,0.023416904034093,3.77533375510878
"B2.2","B2","Diversity partitioning without hierarchy","hillR","0.5.2","partition_phylogenetic","Diversity partitioning at q = 0, 1, 2","phylogenetic","yes",0.0231522080430295,0.0184584460221231,0.0266813650378026,20893280,4400,"bench",10,200,50,"Partitioning via hill_phylo_parti().",NA,8,0.023138432065025,3.77533375510878
"B2.2","B2","Diversity partitioning without hierarchy","hillR","0.5.2","partition_phylogenetic","Diversity partitioning at q = 0, 1, 2","phylogenetic","yes",0.0231522080430295,0.0184584460221231,0.0266813650378026,20893280,4400,"bench",10,200,50,"Partitioning via hill_phylo_parti().",NA,9,0.02289403101895,3.77533375510878
"B2.2","B2","Diversity partitioning without hierarchy","hillR","0.5.2","partition_phylogenetic","Diversity partitioning at q = 0, 1, 2","phylogenetic","yes",0.0231522080430295,0.0184584460221231,0.0266813650378026,20893280,4400,"bench",10,200,50,"Partitioning via hill_phylo_parti().",NA,10,0.0229631980182603,3.77533375510878
"B2.3","B2","Diversity partitioning without hierarchy","hillR","0.5.2","partition_functional","Diversity partitioning at q = 0, 1, 2","functional","yes",4.75863728404511,4.52937992103398,6.24510331300553,9824819672,4856,"bench",10,200,50,"Partitioning via hill_func_parti().",NA,1,6.24510331300553,668.81022595625
"B2.3","B2","Diversity partitioning without hierarchy","hillR","0.5.2","partition_functional","Diversity partitioning at q = 0, 1, 2","functional","yes",4.75863728404511,4.52937992103398,6.24510331300553,9824819672,4856,"bench",10,200,50,"Partitioning via hill_func_parti().",NA,2,4.86665157903917,668.81022595625
"B2.3","B2","Diversity partitioning without hierarchy","hillR","0.5.2","partition_functional","Diversity partitioning at q = 0, 1, 2","functional","yes",4.75863728404511,4.52937992103398,6.24510331300553,9824819672,4856,"bench",10,200,50,"Partitioning via hill_func_parti().",NA,3,5.15602191200014,668.81022595625
"B2.3","B2","Diversity partitioning without hierarchy","hillR","0.5.2","partition_functional","Diversity partitioning at q = 0, 1, 2","functional","yes",4.75863728404511,4.52937992103398,6.24510331300553,9824819672,4856,"bench",10,200,50,"Partitioning via hill_func_parti().",NA,4,4.52937992103398,668.81022595625
"B2.3","B2","Diversity partitioning without hierarchy","hillR","0.5.2","partition_functional","Diversity partitioning at q = 0, 1, 2","functional","yes",4.75863728404511,4.52937992103398,6.24510331300553,9824819672,4856,"bench",10,200,50,"Partitioning via hill_func_parti().",NA,5,4.54837759904331,668.81022595625
"B2.3","B2","Diversity partitioning without hierarchy","hillR","0.5.2","partition_functional","Diversity partitioning at q = 0, 1, 2","functional","yes",4.75863728404511,4.52937992103398,6.24510331300553,9824819672,4856,"bench",10,200,50,"Partitioning via hill_func_parti().",NA,6,5.00158991804346,668.81022595625
"B2.3","B2","Diversity partitioning without hierarchy","hillR","0.5.2","partition_functional","Diversity partitioning at q = 0, 1, 2","functional","yes",4.75863728404511,4.52937992103398,6.24510331300553,9824819672,4856,"bench",10,200,50,"Partitioning via hill_func_parti().",NA,7,4.65062298905104,668.81022595625
"B2.3","B2","Diversity partitioning without hierarchy","hillR","0.5.2","partition_functional","Diversity partitioning at q = 0, 1, 2","functional","yes",4.75863728404511,4.52937992103398,6.24510331300553,9824819672,4856,"bench",10,200,50,"Partitioning via hill_func_parti().",NA,8,4.57054478203645,668.81022595625
"B2.3","B2","Diversity partitioning without hierarchy","hillR","0.5.2","partition_functional","Diversity partitioning at q = 0, 1, 2","functional","yes",4.75863728404511,4.52937992103398,6.24510331300553,9824819672,4856,"bench",10,200,50,"Partitioning via hill_func_parti().",NA,9,5.18899005302228,668.81022595625
"B2.3","B2","Diversity partitioning without hierarchy","hillR","0.5.2","partition_functional","Diversity partitioning at q = 0, 1, 2","functional","yes",4.75863728404511,4.52937992103398,6.24510331300553,9824819672,4856,"bench",10,200,50,"Partitioning via hill_func_parti().",NA,10,4.53010365302907,668.81022595625
"B3.1","B3","Nested diversity partitioning","hillR","0.5.2","hierarchical_partition_neutral","Nested diversity partitioning at q = 0, 1, 2","neutral","no",NA,NA,NA,NA,NA,NA,10,200,50,"No nested hierarchy argument in hillR.",NA,NA,NA,NA
"B3.2","B3","Nested diversity partitioning","hillR","0.5.2","hierarchical_partition_phylogenetic","Nested diversity partitioning at q = 0, 1, 2","phylogenetic","no",NA,NA,NA,NA,NA,NA,10,200,50,"No nested hierarchy argument in hillR.",NA,NA,NA,NA
"B3.3","B3","Nested diversity partitioning","hillR","0.5.2","hierarchical_partition_functional","Nested diversity partitioning at q = 0, 1, 2","functional","no",NA,NA,NA,NA,NA,NA,10,200,50,"No nested hierarchy argument in hillR.",NA,NA,NA,NA
"B4.1","B4","Pairwise beta diversity matrix","hillR","0.5.2","pairwise_neutral","Pairwise beta diversity matrix at q = 1","neutral","yes",0.776606010040268,0.735754225053824,0.939246901019942,49534928,86440,"bench",10,200,50,"Pairwise partitioning via hill_taxa_parti_pairwise().",NA,1,0.939246901019942,14.511796913921
"B4.1","B4","Pairwise beta diversity matrix","hillR","0.5.2","pairwise_neutral","Pairwise beta diversity matrix at q = 1","neutral","yes",0.776606010040268,0.735754225053824,0.939246901019942,49534928,86440,"bench",10,200,50,"Pairwise partitioning via hill_taxa_parti_pairwise().",NA,2,0.735754225053824,14.511796913921
"B4.1","B4","Pairwise beta diversity matrix","hillR","0.5.2","pairwise_neutral","Pairwise beta diversity matrix at q = 1","neutral","yes",0.776606010040268,0.735754225053824,0.939246901019942,49534928,86440,"bench",10,200,50,"Pairwise partitioning via hill_taxa_parti_pairwise().",NA,3,0.766443627013359,14.511796913921
"B4.1","B4","Pairwise beta diversity matrix","hillR","0.5.2","pairwise_neutral","Pairwise beta diversity matrix at q = 1","neutral","yes",0.776606010040268,0.735754225053824,0.939246901019942,49534928,86440,"bench",10,200,50,"Pairwise partitioning via hill_taxa_parti_pairwise().",NA,4,0.766280078038108,14.511796913921
"B4.1","B4","Pairwise beta diversity matrix","hillR","0.5.2","pairwise_neutral","Pairwise beta diversity matrix at q = 1","neutral","yes",0.776606010040268,0.735754225053824,0.939246901019942,49534928,86440,"bench",10,200,50,"Pairwise partitioning via hill_taxa_parti_pairwise().",NA,5,0.75115128303878,14.511796913921
"B4.1","B4","Pairwise beta diversity matrix","hillR","0.5.2","pairwise_neutral","Pairwise beta diversity matrix at q = 1","neutral","yes",0.776606010040268,0.735754225053824,0.939246901019942,49534928,86440,"bench",10,200,50,"Pairwise partitioning via hill_taxa_parti_pairwise().",NA,6,0.784900063998066,14.511796913921
"B4.1","B4","Pairwise beta diversity matrix","hillR","0.5.2","pairwise_neutral","Pairwise beta diversity matrix at q = 1","neutral","yes",0.776606010040268,0.735754225053824,0.939246901019942,49534928,86440,"bench",10,200,50,"Pairwise partitioning via hill_taxa_parti_pairwise().",NA,7,0.774825503060129,14.511796913921
"B4.1","B4","Pairwise beta diversity matrix","hillR","0.5.2","pairwise_neutral","Pairwise beta diversity matrix at q = 1","neutral","yes",0.776606010040268,0.735754225053824,0.939246901019942,49534928,86440,"bench",10,200,50,"Pairwise partitioning via hill_taxa_parti_pairwise().",NA,8,0.778386517020408,14.511796913921
"B4.1","B4","Pairwise beta diversity matrix","hillR","0.5.2","pairwise_neutral","Pairwise beta diversity matrix at q = 1","neutral","yes",0.776606010040268,0.735754225053824,0.939246901019942,49534928,86440,"bench",10,200,50,"Pairwise partitioning via hill_taxa_parti_pairwise().",NA,9,0.802486481028609,14.511796913921
"B4.1","B4","Pairwise beta diversity matrix","hillR","0.5.2","pairwise_neutral","Pairwise beta diversity matrix at q = 1","neutral","yes",0.776606010040268,0.735754225053824,0.939246901019942,49534928,86440,"bench",10,200,50,"Pairwise partitioning via hill_taxa_parti_pairwise().",NA,10,0.843275290040765,14.511796913921
"B4.2","B4","Pairwise beta diversity matrix","hillR","0.5.2","pairwise_phylogenetic","Pairwise beta diversity matrix at q = 1","phylogenetic","yes",6.73819928398007,5.61856550298398,10.268781361985,4671953240,86440,"bench",10,200,50,"Pairwise partitioning via hill_phylo_parti_pairwise().",NA,1,7.21878553996794,108.982865066725
"B4.2","B4","Pairwise beta diversity matrix","hillR","0.5.2","pairwise_phylogenetic","Pairwise beta diversity matrix at q = 1","phylogenetic","yes",6.73819928398007,5.61856550298398,10.268781361985,4671953240,86440,"bench",10,200,50,"Pairwise partitioning via hill_phylo_parti_pairwise().",NA,2,7.78072063397849,108.982865066725
"B4.2","B4","Pairwise beta diversity matrix","hillR","0.5.2","pairwise_phylogenetic","Pairwise beta diversity matrix at q = 1","phylogenetic","yes",6.73819928398007,5.61856550298398,10.268781361985,4671953240,86440,"bench",10,200,50,"Pairwise partitioning via hill_phylo_parti_pairwise().",NA,3,6.81324187101563,108.982865066725
"B4.2","B4","Pairwise beta diversity matrix","hillR","0.5.2","pairwise_phylogenetic","Pairwise beta diversity matrix at q = 1","phylogenetic","yes",6.73819928398007,5.61856550298398,10.268781361985,4671953240,86440,"bench",10,200,50,"Pairwise partitioning via hill_phylo_parti_pairwise().",NA,4,6.6631566969445,108.982865066725
"B4.2","B4","Pairwise beta diversity matrix","hillR","0.5.2","pairwise_phylogenetic","Pairwise beta diversity matrix at q = 1","phylogenetic","yes",6.73819928398007,5.61856550298398,10.268781361985,4671953240,86440,"bench",10,200,50,"Pairwise partitioning via hill_phylo_parti_pairwise().",NA,5,7.17548498895485,108.982865066725
"B4.2","B4","Pairwise beta diversity matrix","hillR","0.5.2","pairwise_phylogenetic","Pairwise beta diversity matrix at q = 1","phylogenetic","yes",6.73819928398007,5.61856550298398,10.268781361985,4671953240,86440,"bench",10,200,50,"Pairwise partitioning via hill_phylo_parti_pairwise().",NA,6,10.268781361985,108.982865066725
"B4.2","B4","Pairwise beta diversity matrix","hillR","0.5.2","pairwise_phylogenetic","Pairwise beta diversity matrix at q = 1","phylogenetic","yes",6.73819928398007,5.61856550298398,10.268781361985,4671953240,86440,"bench",10,200,50,"Pairwise partitioning via hill_phylo_parti_pairwise().",NA,7,5.93651103199227,108.982865066725
"B4.2","B4","Pairwise beta diversity matrix","hillR","0.5.2","pairwise_phylogenetic","Pairwise beta diversity matrix at q = 1","phylogenetic","yes",6.73819928398007,5.61856550298398,10.268781361985,4671953240,86440,"bench",10,200,50,"Pairwise partitioning via hill_phylo_parti_pairwise().",NA,8,5.61856550298398,108.982865066725
"B4.2","B4","Pairwise beta diversity matrix","hillR","0.5.2","pairwise_phylogenetic","Pairwise beta diversity matrix at q = 1","phylogenetic","yes",6.73819928398007,5.61856550298398,10.268781361985,4671953240,86440,"bench",10,200,50,"Pairwise partitioning via hill_phylo_parti_pairwise().",NA,9,6.45355362695409,108.982865066725
"B4.2","B4","Pairwise beta diversity matrix","hillR","0.5.2","pairwise_phylogenetic","Pairwise beta diversity matrix at q = 1","phylogenetic","yes",6.73819928398007,5.61856550298398,10.268781361985,4671953240,86440,"bench",10,200,50,"Pairwise partitioning via hill_phylo_parti_pairwise().",NA,10,6.64606986497529,108.982865066725
"B4.3","B4","Pairwise beta diversity matrix","hillR","0.5.2","pairwise_functional","Pairwise beta diversity matrix at q = 1","functional","yes",16.2202944169985,12.0791710480116,21.9693341379752,10648855384,86440,"bench",10,200,50,"Pairwise partitioning via hill_func_parti_pairwise().",NA,1,20.0474695519661,232.244661810418
"B4.3","B4","Pairwise beta diversity matrix","hillR","0.5.2","pairwise_functional","Pairwise beta diversity matrix at q = 1","functional","yes",16.2202944169985,12.0791710480116,21.9693341379752,10648855384,86440,"bench",10,200,50,"Pairwise partitioning via hill_func_parti_pairwise().",NA,2,17.3173687270028,232.244661810418
"B4.3","B4","Pairwise beta diversity matrix","hillR","0.5.2","pairwise_functional","Pairwise beta diversity matrix at q = 1","functional","yes",16.2202944169985,12.0791710480116,21.9693341379752,10648855384,86440,"bench",10,200,50,"Pairwise partitioning via hill_func_parti_pairwise().",NA,3,21.9693341379752,232.244661810418
"B4.3","B4","Pairwise beta diversity matrix","hillR","0.5.2","pairwise_functional","Pairwise beta diversity matrix at q = 1","functional","yes",16.2202944169985,12.0791710480116,21.9693341379752,10648855384,86440,"bench",10,200,50,"Pairwise partitioning via hill_func_parti_pairwise().",NA,4,20.1731924439664,232.244661810418
"B4.3","B4","Pairwise beta diversity matrix","hillR","0.5.2","pairwise_functional","Pairwise beta diversity matrix at q = 1","functional","yes",16.2202944169985,12.0791710480116,21.9693341379752,10648855384,86440,"bench",10,200,50,"Pairwise partitioning via hill_func_parti_pairwise().",NA,5,21.9007810309995,232.244661810418
"B4.3","B4","Pairwise beta diversity matrix","hillR","0.5.2","pairwise_functional","Pairwise beta diversity matrix at q = 1","functional","yes",16.2202944169985,12.0791710480116,21.9693341379752,10648855384,86440,"bench",10,200,50,"Pairwise partitioning via hill_func_parti_pairwise().",NA,6,15.1232201069943,232.244661810418
"B4.3","B4","Pairwise beta diversity matrix","hillR","0.5.2","pairwise_functional","Pairwise beta diversity matrix at q = 1","functional","yes",16.2202944169985,12.0791710480116,21.9693341379752,10648855384,86440,"bench",10,200,50,"Pairwise partitioning via hill_func_parti_pairwise().",NA,7,13.1283368169679,232.244661810418
"B4.3","B4","Pairwise beta diversity matrix","hillR","0.5.2","pairwise_functional","Pairwise beta diversity matrix at q = 1","functional","yes",16.2202944169985,12.0791710480116,21.9693341379752,10648855384,86440,"bench",10,200,50,"Pairwise partitioning via hill_func_parti_pairwise().",NA,8,12.2928896159865,232.244661810418
"B4.3","B4","Pairwise beta diversity matrix","hillR","0.5.2","pairwise_functional","Pairwise beta diversity matrix at q = 1","functional","yes",16.2202944169985,12.0791710480116,21.9693341379752,10648855384,86440,"bench",10,200,50,"Pairwise partitioning via hill_func_parti_pairwise().",NA,9,12.0791710480116,232.244661810418
"B4.3","B4","Pairwise beta diversity matrix","hillR","0.5.2","pairwise_functional","Pairwise beta diversity matrix at q = 1","functional","yes",16.2202944169985,12.0791710480116,21.9693341379752,10648855384,86440,"bench",10,200,50,"Pairwise partitioning via hill_func_parti_pairwise().",NA,10,12.8687975509674,232.244661810418
"B1.1","B1","Alpha diversity","entropart","1.6.16","alpha_neutral","Alpha diversity at q = 0, 1, 2","neutral","yes",2.72028651152505,2.70114974101307,2.91439402097603,88529688,30872,"bench",10,200,50,"Neutral alpha diversity via AlphaDiversity().",NA,1,2.71821914799511,512.293803462165
"B1.1","B1","Alpha diversity","entropart","1.6.16","alpha_neutral","Alpha diversity at q = 0, 1, 2","neutral","yes",2.72028651152505,2.70114974101307,2.91439402097603,88529688,30872,"bench",10,200,50,"Neutral alpha diversity via AlphaDiversity().",NA,2,2.72235387505498,512.293803462165
"B1.1","B1","Alpha diversity","entropart","1.6.16","alpha_neutral","Alpha diversity at q = 0, 1, 2","neutral","yes",2.72028651152505,2.70114974101307,2.91439402097603,88529688,30872,"bench",10,200,50,"Neutral alpha diversity via AlphaDiversity().",NA,3,2.71458749100566,512.293803462165
"B1.1","B1","Alpha diversity","entropart","1.6.16","alpha_neutral","Alpha diversity at q = 0, 1, 2","neutral","yes",2.72028651152505,2.70114974101307,2.91439402097603,88529688,30872,"bench",10,200,50,"Neutral alpha diversity via AlphaDiversity().",NA,4,2.91439402097603,512.293803462165
"B1.1","B1","Alpha diversity","entropart","1.6.16","alpha_neutral","Alpha diversity at q = 0, 1, 2","neutral","yes",2.72028651152505,2.70114974101307,2.91439402097603,88529688,30872,"bench",10,200,50,"Neutral alpha diversity via AlphaDiversity().",NA,5,2.78322288498748,512.293803462165
"B1.1","B1","Alpha diversity","entropart","1.6.16","alpha_neutral","Alpha diversity at q = 0, 1, 2","neutral","yes",2.72028651152505,2.70114974101307,2.91439402097603,88529688,30872,"bench",10,200,50,"Neutral alpha diversity via AlphaDiversity().",NA,6,2.70114974101307,512.293803462165
"B1.1","B1","Alpha diversity","entropart","1.6.16","alpha_neutral","Alpha diversity at q = 0, 1, 2","neutral","yes",2.72028651152505,2.70114974101307,2.91439402097603,88529688,30872,"bench",10,200,50,"Neutral alpha diversity via AlphaDiversity().",NA,7,2.71494464203715,512.293803462165
"B1.1","B1","Alpha diversity","entropart","1.6.16","alpha_neutral","Alpha diversity at q = 0, 1, 2","neutral","yes",2.72028651152505,2.70114974101307,2.91439402097603,88529688,30872,"bench",10,200,50,"Neutral alpha diversity via AlphaDiversity().",NA,8,2.71683990804013,512.293803462165
"B1.1","B1","Alpha diversity","entropart","1.6.16","alpha_neutral","Alpha diversity at q = 0, 1, 2","neutral","yes",2.72028651152505,2.70114974101307,2.91439402097603,88529688,30872,"bench",10,200,50,"Neutral alpha diversity via AlphaDiversity().",NA,9,2.73075842403341,512.293803462165
"B1.1","B1","Alpha diversity","entropart","1.6.16","alpha_neutral","Alpha diversity at q = 0, 1, 2","neutral","yes",2.72028651152505,2.70114974101307,2.91439402097603,88529688,30872,"bench",10,200,50,"Neutral alpha diversity via AlphaDiversity().",NA,10,2.74566577805672,512.293803462165
"B1.2","B1","Alpha diversity","entropart","1.6.16","alpha_phylogenetic","Alpha diversity at q = 0, 1, 2","phylogenetic","partial",47.7342587330204,47.4020988320117,48.0342894350179,1075888128,31400,"bench",10,200,50,"Phylogenetic alpha requires an ultrametric tree and returns entropart's normalized phylodiversity.",NA,1,48.0342894350179,7512.74573704605
"B1.2","B1","Alpha diversity","entropart","1.6.16","alpha_phylogenetic","Alpha diversity at q = 0, 1, 2","phylogenetic","partial",47.7342587330204,47.4020988320117,48.0342894350179,1075888128,31400,"bench",10,200,50,"Phylogenetic alpha requires an ultrametric tree and returns entropart's normalized phylodiversity.",NA,2,47.8414311750093,7512.74573704605
"B1.2","B1","Alpha diversity","entropart","1.6.16","alpha_phylogenetic","Alpha diversity at q = 0, 1, 2","phylogenetic","partial",47.7342587330204,47.4020988320117,48.0342894350179,1075888128,31400,"bench",10,200,50,"Phylogenetic alpha requires an ultrametric tree and returns entropart's normalized phylodiversity.",NA,3,47.5114660449908,7512.74573704605
"B1.2","B1","Alpha diversity","entropart","1.6.16","alpha_phylogenetic","Alpha diversity at q = 0, 1, 2","phylogenetic","partial",47.7342587330204,47.4020988320117,48.0342894350179,1075888128,31400,"bench",10,200,50,"Phylogenetic alpha requires an ultrametric tree and returns entropart's normalized phylodiversity.",NA,4,47.8228218490258,7512.74573704605
"B1.2","B1","Alpha diversity","entropart","1.6.16","alpha_phylogenetic","Alpha diversity at q = 0, 1, 2","phylogenetic","partial",47.7342587330204,47.4020988320117,48.0342894350179,1075888128,31400,"bench",10,200,50,"Phylogenetic alpha requires an ultrametric tree and returns entropart's normalized phylodiversity.",NA,5,47.4020988320117,7512.74573704605
"B1.2","B1","Alpha diversity","entropart","1.6.16","alpha_phylogenetic","Alpha diversity at q = 0, 1, 2","phylogenetic","partial",47.7342587330204,47.4020988320117,48.0342894350179,1075888128,31400,"bench",10,200,50,"Phylogenetic alpha requires an ultrametric tree and returns entropart's normalized phylodiversity.",NA,6,47.645695617015,7512.74573704605
"B1.2","B1","Alpha diversity","entropart","1.6.16","alpha_phylogenetic","Alpha diversity at q = 0, 1, 2","phylogenetic","partial",47.7342587330204,47.4020988320117,48.0342894350179,1075888128,31400,"bench",10,200,50,"Phylogenetic alpha requires an ultrametric tree and returns entropart's normalized phylodiversity.",NA,7,47.5839572430123,7512.74573704605
"B1.2","B1","Alpha diversity","entropart","1.6.16","alpha_phylogenetic","Alpha diversity at q = 0, 1, 2","phylogenetic","partial",47.7342587330204,47.4020988320117,48.0342894350179,1075888128,31400,"bench",10,200,50,"Phylogenetic alpha requires an ultrametric tree and returns entropart's normalized phylodiversity.",NA,8,47.5884599860292,7512.74573704605
"B1.2","B1","Alpha diversity","entropart","1.6.16","alpha_phylogenetic","Alpha diversity at q = 0, 1, 2","phylogenetic","partial",47.7342587330204,47.4020988320117,48.0342894350179,1075888128,31400,"bench",10,200,50,"Phylogenetic alpha requires an ultrametric tree and returns entropart's normalized phylodiversity.",NA,9,47.9001533430419,7512.74573704605
"B1.2","B1","Alpha diversity","entropart","1.6.16","alpha_phylogenetic","Alpha diversity at q = 0, 1, 2","phylogenetic","partial",47.7342587330204,47.4020988320117,48.0342894350179,1075888128,31400,"bench",10,200,50,"Phylogenetic alpha requires an ultrametric tree and returns entropart's normalized phylodiversity.",NA,10,47.9355638540001,7512.74573704605
"B1.3","B1","Alpha diversity","entropart","1.6.16","alpha_functional","Alpha diversity at q = 0, 1, 2","functional","partial",2.74563574552303,2.71517543098889,2.94598148704972,144715800,31448,"bench",10,200,50,"Similarity-based alpha uses Z, not hilldiv3's distance-threshold functional definition.",NA,1,2.74547463603085,400.771569673427
"B1.3","B1","Alpha diversity","entropart","1.6.16","alpha_functional","Alpha diversity at q = 0, 1, 2","functional","partial",2.74563574552303,2.71517543098889,2.94598148704972,144715800,31448,"bench",10,200,50,"Similarity-based alpha uses Z, not hilldiv3's distance-threshold functional definition.",NA,2,2.94598148704972,400.771569673427
"B1.3","B1","Alpha diversity","entropart","1.6.16","alpha_functional","Alpha diversity at q = 0, 1, 2","functional","partial",2.74563574552303,2.71517543098889,2.94598148704972,144715800,31448,"bench",10,200,50,"Similarity-based alpha uses Z, not hilldiv3's distance-threshold functional definition.",NA,3,2.74579685501521,400.771569673427
"B1.3","B1","Alpha diversity","entropart","1.6.16","alpha_functional","Alpha diversity at q = 0, 1, 2","functional","partial",2.74563574552303,2.71517543098889,2.94598148704972,144715800,31448,"bench",10,200,50,"Similarity-based alpha uses Z, not hilldiv3's distance-threshold functional definition.",NA,4,2.74635707901325,400.771569673427
"B1.3","B1","Alpha diversity","entropart","1.6.16","alpha_functional","Alpha diversity at q = 0, 1, 2","functional","partial",2.74563574552303,2.71517543098889,2.94598148704972,144715800,31448,"bench",10,200,50,"Similarity-based alpha uses Z, not hilldiv3's distance-threshold functional definition.",NA,5,2.77091017499333,400.771569673427
"B1.3","B1","Alpha diversity","entropart","1.6.16","alpha_functional","Alpha diversity at q = 0, 1, 2","functional","partial",2.74563574552303,2.71517543098889,2.94598148704972,144715800,31448,"bench",10,200,50,"Similarity-based alpha uses Z, not hilldiv3's distance-threshold functional definition.",NA,6,2.83877398999175,400.771569673427
"B1.3","B1","Alpha diversity","entropart","1.6.16","alpha_functional","Alpha diversity at q = 0, 1, 2","functional","partial",2.74563574552303,2.71517543098889,2.94598148704972,144715800,31448,"bench",10,200,50,"Similarity-based alpha uses Z, not hilldiv3's distance-threshold functional definition.",NA,7,2.71806945698336,400.771569673427
"B1.3","B1","Alpha diversity","entropart","1.6.16","alpha_functional","Alpha diversity at q = 0, 1, 2","functional","partial",2.74563574552303,2.71517543098889,2.94598148704972,144715800,31448,"bench",10,200,50,"Similarity-based alpha uses Z, not hilldiv3's distance-threshold functional definition.",NA,8,2.73096801602514,400.771569673427
"B1.3","B1","Alpha diversity","entropart","1.6.16","alpha_functional","Alpha diversity at q = 0, 1, 2","functional","partial",2.74563574552303,2.71517543098889,2.94598148704972,144715800,31448,"bench",10,200,50,"Similarity-based alpha uses Z, not hilldiv3's distance-threshold functional definition.",NA,9,2.7188396010315,400.771569673427
"B1.3","B1","Alpha diversity","entropart","1.6.16","alpha_functional","Alpha diversity at q = 0, 1, 2","functional","partial",2.74563574552303,2.71517543098889,2.94598148704972,144715800,31448,"bench",10,200,50,"Similarity-based alpha uses Z, not hilldiv3's distance-threshold functional definition.",NA,10,2.71517543098889,400.771569673427
"B2.1","B2","Diversity partitioning without hierarchy","entropart","1.6.16","partition_neutral","Diversity partitioning at q = 0, 1, 2","neutral","yes",2.72653753552004,2.71029917802662,2.95886159600923,88664112,35912,"bench",10,200,50,"Metacommunity partitioning via DivPart().",NA,1,2.7201408999972,545.946434034166
"B2.1","B2","Diversity partitioning without hierarchy","entropart","1.6.16","partition_neutral","Diversity partitioning at q = 0, 1, 2","neutral","yes",2.72653753552004,2.71029917802662,2.95886159600923,88664112,35912,"bench",10,200,50,"Metacommunity partitioning via DivPart().",NA,2,2.72503675101325,545.946434034166
"B2.1","B2","Diversity partitioning without hierarchy","entropart","1.6.16","partition_neutral","Diversity partitioning at q = 0, 1, 2","neutral","yes",2.72653753552004,2.71029917802662,2.95886159600923,88664112,35912,"bench",10,200,50,"Metacommunity partitioning via DivPart().",NA,3,2.95886159600923,545.946434034166
"B2.1","B2","Diversity partitioning without hierarchy","entropart","1.6.16","partition_neutral","Diversity partitioning at q = 0, 1, 2","neutral","yes",2.72653753552004,2.71029917802662,2.95886159600923,88664112,35912,"bench",10,200,50,"Metacommunity partitioning via DivPart().",NA,4,2.79784844606183,545.946434034166
"B2.1","B2","Diversity partitioning without hierarchy","entropart","1.6.16","partition_neutral","Diversity partitioning at q = 0, 1, 2","neutral","yes",2.72653753552004,2.71029917802662,2.95886159600923,88664112,35912,"bench",10,200,50,"Metacommunity partitioning via DivPart().",NA,5,2.71473127801437,545.946434034166
"B2.1","B2","Diversity partitioning without hierarchy","entropart","1.6.16","partition_neutral","Diversity partitioning at q = 0, 1, 2","neutral","yes",2.72653753552004,2.71029917802662,2.95886159600923,88664112,35912,"bench",10,200,50,"Metacommunity partitioning via DivPart().",NA,6,2.71029917802662,545.946434034166
"B2.1","B2","Diversity partitioning without hierarchy","entropart","1.6.16","partition_neutral","Diversity partitioning at q = 0, 1, 2","neutral","yes",2.72653753552004,2.71029917802662,2.95886159600923,88664112,35912,"bench",10,200,50,"Metacommunity partitioning via DivPart().",NA,7,2.72232423204696,545.946434034166
"B2.1","B2","Diversity partitioning without hierarchy","entropart","1.6.16","partition_neutral","Diversity partitioning at q = 0, 1, 2","neutral","yes",2.72653753552004,2.71029917802662,2.95886159600923,88664112,35912,"bench",10,200,50,"Metacommunity partitioning via DivPart().",NA,8,2.73723093001172,545.946434034166
"B2.1","B2","Diversity partitioning without hierarchy","entropart","1.6.16","partition_neutral","Diversity partitioning at q = 0, 1, 2","neutral","yes",2.72653753552004,2.71029917802662,2.95886159600923,88664112,35912,"bench",10,200,50,"Metacommunity partitioning via DivPart().",NA,9,2.7332461400656,545.946434034166
"B2.1","B2","Diversity partitioning without hierarchy","entropart","1.6.16","partition_neutral","Diversity partitioning at q = 0, 1, 2","neutral","yes",2.72653753552004,2.71029917802662,2.95886159600923,88664112,35912,"bench",10,200,50,"Metacommunity partitioning via DivPart().",NA,10,2.72803832002683,545.946434034166
"B2.2","B2","Diversity partitioning without hierarchy","entropart","1.6.16","partition_phylogenetic","Diversity partitioning at q = 0, 1, 2","phylogenetic","partial",51.3562932585191,50.6611167130177,51.9602142180083,1094516736,91472,"bench",10,200,50,"Phylogenetic partitioning requires an ultrametric tree and uses entropart's normalization.",NA,1,51.3920096090296,8374.45599641313
"B2.2","B2","Diversity partitioning without hierarchy","entropart","1.6.16","partition_phylogenetic","Diversity partitioning at q = 0, 1, 2","phylogenetic","partial",51.3562932585191,50.6611167130177,51.9602142180083,1094516736,91472,"bench",10,200,50,"Phylogenetic partitioning requires an ultrametric tree and uses entropart's normalization.",NA,2,51.9602142180083,8374.45599641313
"B2.2","B2","Diversity partitioning without hierarchy","entropart","1.6.16","partition_phylogenetic","Diversity partitioning at q = 0, 1, 2","phylogenetic","partial",51.3562932585191,50.6611167130177,51.9602142180083,1094516736,91472,"bench",10,200,50,"Phylogenetic partitioning requires an ultrametric tree and uses entropart's normalization.",NA,3,51.3773817520123,8374.45599641313
"B2.2","B2","Diversity partitioning without hierarchy","entropart","1.6.16","partition_phylogenetic","Diversity partitioning at q = 0, 1, 2","phylogenetic","partial",51.3562932585191,50.6611167130177,51.9602142180083,1094516736,91472,"bench",10,200,50,"Phylogenetic partitioning requires an ultrametric tree and uses entropart's normalization.",NA,4,51.4143363230396,8374.45599641313
"B2.2","B2","Diversity partitioning without hierarchy","entropart","1.6.16","partition_phylogenetic","Diversity partitioning at q = 0, 1, 2","phylogenetic","partial",51.3562932585191,50.6611167130177,51.9602142180083,1094516736,91472,"bench",10,200,50,"Phylogenetic partitioning requires an ultrametric tree and uses entropart's normalization.",NA,5,51.376323132019,8374.45599641313
"B2.2","B2","Diversity partitioning without hierarchy","entropart","1.6.16","partition_phylogenetic","Diversity partitioning at q = 0, 1, 2","phylogenetic","partial",51.3562932585191,50.6611167130177,51.9602142180083,1094516736,91472,"bench",10,200,50,"Phylogenetic partitioning requires an ultrametric tree and uses entropart's normalization.",NA,6,50.6611167130177,8374.45599641313
"B2.2","B2","Diversity partitioning without hierarchy","entropart","1.6.16","partition_phylogenetic","Diversity partitioning at q = 0, 1, 2","phylogenetic","partial",51.3562932585191,50.6611167130177,51.9602142180083,1094516736,91472,"bench",10,200,50,"Phylogenetic partitioning requires an ultrametric tree and uses entropart's normalization.",NA,7,51.085994629073,8374.45599641313
"B2.2","B2","Diversity partitioning without hierarchy","entropart","1.6.16","partition_phylogenetic","Diversity partitioning at q = 0, 1, 2","phylogenetic","partial",51.3562932585191,50.6611167130177,51.9602142180083,1094516736,91472,"bench",10,200,50,"Phylogenetic partitioning requires an ultrametric tree and uses entropart's normalization.",NA,8,51.3362633850193,8374.45599641313
"B2.2","B2","Diversity partitioning without hierarchy","entropart","1.6.16","partition_phylogenetic","Diversity partitioning at q = 0, 1, 2","phylogenetic","partial",51.3562932585191,50.6611167130177,51.9602142180083,1094516736,91472,"bench",10,200,50,"Phylogenetic partitioning requires an ultrametric tree and uses entropart's normalization.",NA,9,50.9033069930156,8374.45599641313
"B2.2","B2","Diversity partitioning without hierarchy","entropart","1.6.16","partition_phylogenetic","Diversity partitioning at q = 0, 1, 2","phylogenetic","partial",51.3562932585191,50.6611167130177,51.9602142180083,1094516736,91472,"bench",10,200,50,"Phylogenetic partitioning requires an ultrametric tree and uses entropart's normalization.",NA,10,51.0951295520645,8374.45599641313
"B2.3","B2","Diversity partitioning without hierarchy","entropart","1.6.16","partition_functional","Diversity partitioning at q = 0, 1, 2","functional","partial",2.7479574525496,2.72613628901308,2.94605237600626,146946160,36488,"bench",10,200,50,"Similarity-based partitioning uses Z, not hilldiv3's distance-threshold functional definition.",NA,1,2.74522195302416,386.216039394281
"B2.3","B2","Diversity partitioning without hierarchy","entropart","1.6.16","partition_functional","Diversity partitioning at q = 0, 1, 2","functional","partial",2.7479574525496,2.72613628901308,2.94605237600626,146946160,36488,"bench",10,200,50,"Similarity-based partitioning uses Z, not hilldiv3's distance-threshold functional definition.",NA,2,2.94605237600626,386.216039394281
"B2.3","B2","Diversity partitioning without hierarchy","entropart","1.6.16","partition_functional","Diversity partitioning at q = 0, 1, 2","functional","partial",2.7479574525496,2.72613628901308,2.94605237600626,146946160,36488,"bench",10,200,50,"Similarity-based partitioning uses Z, not hilldiv3's distance-threshold functional definition.",NA,3,2.75014457706129,386.216039394281
"B2.3","B2","Diversity partitioning without hierarchy","entropart","1.6.16","partition_functional","Diversity partitioning at q = 0, 1, 2","functional","partial",2.7479574525496,2.72613628901308,2.94605237600626,146946160,36488,"bench",10,200,50,"Similarity-based partitioning uses Z, not hilldiv3's distance-threshold functional definition.",NA,4,2.72613628901308,386.216039394281
"B2.3","B2","Diversity partitioning without hierarchy","entropart","1.6.16","partition_functional","Diversity partitioning at q = 0, 1, 2","functional","partial",2.7479574525496,2.72613628901308,2.94605237600626,146946160,36488,"bench",10,200,50,"Similarity-based partitioning uses Z, not hilldiv3's distance-threshold functional definition.",NA,5,2.73579314205563,386.216039394281
"B2.3","B2","Diversity partitioning without hierarchy","entropart","1.6.16","partition_functional","Diversity partitioning at q = 0, 1, 2","functional","partial",2.7479574525496,2.72613628901308,2.94605237600626,146946160,36488,"bench",10,200,50,"Similarity-based partitioning uses Z, not hilldiv3's distance-threshold functional definition.",NA,6,2.73623778705951,386.216039394281
"B2.3","B2","Diversity partitioning without hierarchy","entropart","1.6.16","partition_functional","Diversity partitioning at q = 0, 1, 2","functional","partial",2.7479574525496,2.72613628901308,2.94605237600626,146946160,36488,"bench",10,200,50,"Similarity-based partitioning uses Z, not hilldiv3's distance-threshold functional definition.",NA,7,2.74577032803791,386.216039394281
"B2.3","B2","Diversity partitioning without hierarchy","entropart","1.6.16","partition_functional","Diversity partitioning at q = 0, 1, 2","functional","partial",2.7479574525496,2.72613628901308,2.94605237600626,146946160,36488,"bench",10,200,50,"Similarity-based partitioning uses Z, not hilldiv3's distance-threshold functional definition.",NA,8,2.80564742500428,386.216039394281
"B2.3","B2","Diversity partitioning without hierarchy","entropart","1.6.16","partition_functional","Diversity partitioning at q = 0, 1, 2","functional","partial",2.7479574525496,2.72613628901308,2.94605237600626,146946160,36488,"bench",10,200,50,"Similarity-based partitioning uses Z, not hilldiv3's distance-threshold functional definition.",NA,9,2.75370911700884,386.216039394281
"B2.3","B2","Diversity partitioning without hierarchy","entropart","1.6.16","partition_functional","Diversity partitioning at q = 0, 1, 2","functional","partial",2.7479574525496,2.72613628901308,2.94605237600626,146946160,36488,"bench",10,200,50,"Similarity-based partitioning uses Z, not hilldiv3's distance-threshold functional definition.",NA,10,2.82397934497567,386.216039394281
"B3.1","B3","Nested diversity partitioning","entropart","1.6.16","hierarchical_partition_neutral","Nested diversity partitioning at q = 0, 1, 2","neutral","partial",0.103557533526327,0.102303733001463,0.110063433996402,7336496,4232,"bench",10,200,50,"MergeMC supports hierarchical metacommunities, but not the same formula API/output.",NA,1,0.104024831030983,11.330874164832
"B3.1","B3","Nested diversity partitioning","entropart","1.6.16","hierarchical_partition_neutral","Nested diversity partitioning at q = 0, 1, 2","neutral","partial",0.103557533526327,0.102303733001463,0.110063433996402,7336496,4232,"bench",10,200,50,"MergeMC supports hierarchical metacommunities, but not the same formula API/output.",NA,2,0.104629622015636,11.330874164832
"B3.1","B3","Nested diversity partitioning","entropart","1.6.16","hierarchical_partition_neutral","Nested diversity partitioning at q = 0, 1, 2","neutral","partial",0.103557533526327,0.102303733001463,0.110063433996402,7336496,4232,"bench",10,200,50,"MergeMC supports hierarchical metacommunities, but not the same formula API/output.",NA,3,0.102910820045508,11.330874164832
"B3.1","B3","Nested diversity partitioning","entropart","1.6.16","hierarchical_partition_neutral","Nested diversity partitioning at q = 0, 1, 2","neutral","partial",0.103557533526327,0.102303733001463,0.110063433996402,7336496,4232,"bench",10,200,50,"MergeMC supports hierarchical metacommunities, but not the same formula API/output.",NA,4,0.102818611019757,11.330874164832
"B3.1","B3","Nested diversity partitioning","entropart","1.6.16","hierarchical_partition_neutral","Nested diversity partitioning at q = 0, 1, 2","neutral","partial",0.103557533526327,0.102303733001463,0.110063433996402,7336496,4232,"bench",10,200,50,"MergeMC supports hierarchical metacommunities, but not the same formula API/output.",NA,5,0.110063433996402,11.330874164832
"B3.1","B3","Nested diversity partitioning","entropart","1.6.16","hierarchical_partition_neutral","Nested diversity partitioning at q = 0, 1, 2","neutral","partial",0.103557533526327,0.102303733001463,0.110063433996402,7336496,4232,"bench",10,200,50,"MergeMC supports hierarchical metacommunities, but not the same formula API/output.",NA,6,0.103090236021671,11.330874164832
"B3.1","B3","Nested diversity partitioning","entropart","1.6.16","hierarchical_partition_neutral","Nested diversity partitioning at q = 0, 1, 2","neutral","partial",0.103557533526327,0.102303733001463,0.110063433996402,7336496,4232,"bench",10,200,50,"MergeMC supports hierarchical metacommunities, but not the same formula API/output.",NA,7,0.102303733001463,11.330874164832
"B3.1","B3","Nested diversity partitioning","entropart","1.6.16","hierarchical_partition_neutral","Nested diversity partitioning at q = 0, 1, 2","neutral","partial",0.103557533526327,0.102303733001463,0.110063433996402,7336496,4232,"bench",10,200,50,"MergeMC supports hierarchical metacommunities, but not the same formula API/output.",NA,8,0.102538826991804,11.330874164832
"B3.1","B3","Nested diversity partitioning","entropart","1.6.16","hierarchical_partition_neutral","Nested diversity partitioning at q = 0, 1, 2","neutral","partial",0.103557533526327,0.102303733001463,0.110063433996402,7336496,4232,"bench",10,200,50,"MergeMC supports hierarchical metacommunities, but not the same formula API/output.",NA,9,0.109531090012752,11.330874164832
"B3.1","B3","Nested diversity partitioning","entropart","1.6.16","hierarchical_partition_neutral","Nested diversity partitioning at q = 0, 1, 2","neutral","partial",0.103557533526327,0.102303733001463,0.110063433996402,7336496,4232,"bench",10,200,50,"MergeMC supports hierarchical metacommunities, but not the same formula API/output.",NA,10,0.107238903001416,11.330874164832
"B3.2","B3","Nested diversity partitioning","entropart","1.6.16","hierarchical_partition_phylogenetic","Nested diversity partitioning at q = 0, 1, 2","phylogenetic","no",NA,NA,NA,NA,NA,NA,10,200,50,"No matching nested phylogenetic hierarchy API.",NA,NA,NA,NA
"B3.3","B3","Nested diversity partitioning","entropart","1.6.16","hierarchical_partition_functional","Nested diversity partitioning at q = 0, 1, 2","functional","no",NA,NA,NA,NA,NA,NA,10,200,50,"No matching nested functional hierarchy API.",NA,NA,NA,NA
"B4.1","B4","Pairwise beta diversity matrix","entropart","1.6.16","pairwise_neutral","Pairwise beta diversity matrix at q = 1","neutral","no",NA,NA,NA,NA,NA,NA,10,200,50,"No direct all-pairs Hill dissimilarity API.",NA,NA,NA,NA
"B4.2","B4","Pairwise beta diversity matrix","entropart","1.6.16","pairwise_phylogenetic","Pairwise beta diversity matrix at q = 1","phylogenetic","no",NA,NA,NA,NA,NA,NA,10,200,50,"No direct all-pairs Hill dissimilarity API.",NA,NA,NA,NA
"B4.3","B4","Pairwise beta diversity matrix","entropart","1.6.16","pairwise_functional","Pairwise beta diversity matrix at q = 1","functional","no",NA,NA,NA,NA,NA,NA,10,200,50,"No direct all-pairs Hill dissimilarity API.",NA,NA,NA,NA
"B1.1","B1","Alpha diversity","vegan","2.6.8","alpha_neutral","Alpha diversity at q = 0, 1, 2","neutral","yes",0.000260862521827221,0.000239645014517009,0.000354035058990121,459576,5840,"bench",10,200,50,"Neutral Hill numbers via renyi(..., hill = TRUE).",NA,1,0.000354035058990121,0.0491265360914791
"B1.1","B1","Alpha diversity","vegan","2.6.8","alpha_neutral","Alpha diversity at q = 0, 1, 2","neutral","yes",0.000260862521827221,0.000239645014517009,0.000354035058990121,459576,5840,"bench",10,200,50,"Neutral Hill numbers via renyi(..., hill = TRUE).",NA,2,0.000264286005403847,0.0491265360914791
"B1.1","B1","Alpha diversity","vegan","2.6.8","alpha_neutral","Alpha diversity at q = 0, 1, 2","neutral","yes",0.000260862521827221,0.000239645014517009,0.000354035058990121,459576,5840,"bench",10,200,50,"Neutral Hill numbers via renyi(..., hill = TRUE).",NA,3,0.000257439038250595,0.0491265360914791
"B1.1","B1","Alpha diversity","vegan","2.6.8","alpha_neutral","Alpha diversity at q = 0, 1, 2","neutral","yes",0.000260862521827221,0.000239645014517009,0.000354035058990121,459576,5840,"bench",10,200,50,"Neutral Hill numbers via renyi(..., hill = TRUE).",NA,4,0.000253625970799476,0.0491265360914791
"B1.1","B1","Alpha diversity","vegan","2.6.8","alpha_neutral","Alpha diversity at q = 0, 1, 2","neutral","yes",0.000260862521827221,0.000239645014517009,0.000354035058990121,459576,5840,"bench",10,200,50,"Neutral Hill numbers via renyi(..., hill = TRUE).",NA,5,0.000288886018097401,0.0491265360914791
"B1.1","B1","Alpha diversity","vegan","2.6.8","alpha_neutral","Alpha diversity at q = 0, 1, 2","neutral","yes",0.000260862521827221,0.000239645014517009,0.000354035058990121,459576,5840,"bench",10,200,50,"Neutral Hill numbers via renyi(..., hill = TRUE).",NA,6,0.000331239018123597,0.0491265360914791
"B1.1","B1","Alpha diversity","vegan","2.6.8","alpha_neutral","Alpha diversity at q = 0, 1, 2","neutral","yes",0.000260862521827221,0.000239645014517009,0.000354035058990121,459576,5840,"bench",10,200,50,"Neutral Hill numbers via renyi(..., hill = TRUE).",NA,7,0.000285196059849113,0.0491265360914791
"B1.1","B1","Alpha diversity","vegan","2.6.8","alpha_neutral","Alpha diversity at q = 0, 1, 2","neutral","yes",0.000260862521827221,0.000239645014517009,0.000354035058990121,459576,5840,"bench",10,200,50,"Neutral Hill numbers via renyi(..., hill = TRUE).",NA,8,0.000250838056672364,0.0491265360914791
"B1.1","B1","Alpha diversity","vegan","2.6.8","alpha_neutral","Alpha diversity at q = 0, 1, 2","neutral","yes",0.000260862521827221,0.000239645014517009,0.000354035058990121,459576,5840,"bench",10,200,50,"Neutral Hill numbers via renyi(..., hill = TRUE).",NA,9,0.000247476040385664,0.0491265360914791
"B1.1","B1","Alpha diversity","vegan","2.6.8","alpha_neutral","Alpha diversity at q = 0, 1, 2","neutral","yes",0.000260862521827221,0.000239645014517009,0.000354035058990121,459576,5840,"bench",10,200,50,"Neutral Hill numbers via renyi(..., hill = TRUE).",NA,10,0.000239645014517009,0.0491265360914791
"B1.2","B1","Alpha diversity","vegan","2.6.8","alpha_phylogenetic","Alpha diversity at q = 0, 1, 2","phylogenetic","no",NA,NA,NA,NA,NA,NA,10,200,50,"vegan does not compute phylogenetic Hill numbers.",NA,NA,NA,NA
"B1.3","B1","Alpha diversity","vegan","2.6.8","alpha_functional","Alpha diversity at q = 0, 1, 2","functional","no",NA,NA,NA,NA,NA,NA,10,200,50,"vegan does not compute functional Hill numbers.",NA,NA,NA,NA
"B2.1","B2","Diversity partitioning without hierarchy","vegan","2.6.8","partition_neutral","Diversity partitioning at q = 0, 1, 2","neutral","no",NA,NA,NA,NA,NA,NA,10,200,50,"No Hill alpha/gamma/beta partitioning API.",NA,NA,NA,NA
"B2.2","B2","Diversity partitioning without hierarchy","vegan","2.6.8","partition_phylogenetic","Diversity partitioning at q = 0, 1, 2","phylogenetic","no",NA,NA,NA,NA,NA,NA,10,200,50,"No phylogenetic Hill partitioning API.",NA,NA,NA,NA
"B2.3","B2","Diversity partitioning without hierarchy","vegan","2.6.8","partition_functional","Diversity partitioning at q = 0, 1, 2","functional","no",NA,NA,NA,NA,NA,NA,10,200,50,"No functional Hill partitioning API.",NA,NA,NA,NA
"B3.1","B3","Nested diversity partitioning","vegan","2.6.8","hierarchical_partition_neutral","Nested diversity partitioning at q = 0, 1, 2","neutral","no",NA,NA,NA,NA,NA,NA,10,200,50,"No nested Hill partitioning API.",NA,NA,NA,NA
"B3.2","B3","Nested diversity partitioning","vegan","2.6.8","hierarchical_partition_phylogenetic","Nested diversity partitioning at q = 0, 1, 2","phylogenetic","no",NA,NA,NA,NA,NA,NA,10,200,50,"No nested phylogenetic Hill partitioning API.",NA,NA,NA,NA
"B3.3","B3","Nested diversity partitioning","vegan","2.6.8","hierarchical_partition_functional","Nested diversity partitioning at q = 0, 1, 2","functional","no",NA,NA,NA,NA,NA,NA,10,200,50,"No nested functional Hill partitioning API.",NA,NA,NA,NA
"B4.1","B4","Pairwise beta diversity matrix","vegan","2.6.8","pairwise_neutral","Pairwise beta diversity matrix at q = 1","neutral","partial",0.000324269029079005,0.000312625023070723,0.000363793049473315,243728,15904,"bench",10,200,50,"Pairwise Bray-Curtis distance; related, but not Hill-number dissimilarity.",NA,1,0.000363793049473315,0.00605934828552879
"B4.1","B4","Pairwise beta diversity matrix","vegan","2.6.8","pairwise_neutral","Pairwise beta diversity matrix at q = 1","neutral","partial",0.000324269029079005,0.000312625023070723,0.000363793049473315,243728,15904,"bench",10,200,50,"Pairwise Bray-Curtis distance; related, but not Hill-number dissimilarity.",NA,2,0.000359693018253893,0.00605934828552879
"B4.1","B4","Pairwise beta diversity matrix","vegan","2.6.8","pairwise_neutral","Pairwise beta diversity matrix at q = 1","neutral","partial",0.000324269029079005,0.000312625023070723,0.000363793049473315,243728,15904,"bench",10,200,50,"Pairwise Bray-Curtis distance; related, but not Hill-number dissimilarity.",NA,3,0.000327877001836896,0.00605934828552879
"B4.1","B4","Pairwise beta diversity matrix","vegan","2.6.8","pairwise_neutral","Pairwise beta diversity matrix at q = 1","neutral","partial",0.000324269029079005,0.000312625023070723,0.000363793049473315,243728,15904,"bench",10,200,50,"Pairwise Bray-Curtis distance; related, but not Hill-number dissimilarity.",NA,4,0.00032074301270768,0.00605934828552879
"B4.1","B4","Pairwise beta diversity matrix","vegan","2.6.8","pairwise_neutral","Pairwise beta diversity matrix at q = 1","neutral","partial",0.000324269029079005,0.000312625023070723,0.000363793049473315,243728,15904,"bench",10,200,50,"Pairwise Bray-Curtis distance; related, but not Hill-number dissimilarity.",NA,5,0.000321850006002933,0.00605934828552879
"B4.1","B4","Pairwise beta diversity matrix","vegan","2.6.8","pairwise_neutral","Pairwise beta diversity matrix at q = 1","neutral","partial",0.000324269029079005,0.000312625023070723,0.000363793049473315,243728,15904,"bench",10,200,50,"Pairwise Bray-Curtis distance; related, but not Hill-number dissimilarity.",NA,6,0.000314429053105414,0.00605934828552879
"B4.1","B4","Pairwise beta diversity matrix","vegan","2.6.8","pairwise_neutral","Pairwise beta diversity matrix at q = 1","neutral","partial",0.000324269029079005,0.000312625023070723,0.000363793049473315,243728,15904,"bench",10,200,50,"Pairwise Bray-Curtis distance; related, but not Hill-number dissimilarity.",NA,7,0.000312625023070723,0.00605934828552879
"B4.1","B4","Pairwise beta diversity matrix","vegan","2.6.8","pairwise_neutral","Pairwise beta diversity matrix at q = 1","neutral","partial",0.000324269029079005,0.000312625023070723,0.000363793049473315,243728,15904,"bench",10,200,50,"Pairwise Bray-Curtis distance; related, but not Hill-number dissimilarity.",NA,8,0.000323572021443397,0.00605934828552879
"B4.1","B4","Pairwise beta diversity matrix","vegan","2.6.8","pairwise_neutral","Pairwise beta diversity matrix at q = 1","neutral","partial",0.000324269029079005,0.000312625023070723,0.000363793049473315,243728,15904,"bench",10,200,50,"Pairwise Bray-Curtis distance; related, but not Hill-number dissimilarity.",NA,9,0.000324966036714613,0.00605934828552879
"B4.1","B4","Pairwise beta diversity matrix","vegan","2.6.8","pairwise_neutral","Pairwise beta diversity matrix at q = 1","neutral","partial",0.000324269029079005,0.000312625023070723,0.000363793049473315,243728,15904,"bench",10,200,50,"Pairwise Bray-Curtis distance; related, but not Hill-number dissimilarity.",NA,10,0.000331074988935143,0.00605934828552879
"B4.2","B4","Pairwise beta diversity matrix","vegan","2.6.8","pairwise_phylogenetic","Pairwise beta diversity matrix at q = 1","phylogenetic","no",NA,NA,NA,NA,NA,NA,10,200,50,"No phylogenetic Hill pairwise dissimilarity API.",NA,NA,NA,NA
"B4.3","B4","Pairwise beta diversity matrix","vegan","2.6.8","pairwise_functional","Pairwise beta diversity matrix at q = 1","functional","no",NA,NA,NA,NA,NA,NA,10,200,50,"No functional Hill pairwise dissimilarity API.",NA,NA,NA,NA
"B1.1","B1","Alpha diversity","BAT","2.10.0","alpha_neutral","Alpha diversity at q = 0, 1, 2","neutral","yes",0.000834247475722805,0.000784616975579411,0.000960219942498952,1540920,13736,"bench",10,200,50,"Neutral Hill numbers via hill().",NA,1,0.000960219942498952,0.157108381986995
"B1.1","B1","Alpha diversity","BAT","2.10.0","alpha_neutral","Alpha diversity at q = 0, 1, 2","neutral","yes",0.000834247475722805,0.000784616975579411,0.000960219942498952,1540920,13736,"bench",10,200,50,"Neutral Hill numbers via hill().",NA,2,0.000849314965307713,0.157108381986995
"B1.1","B1","Alpha diversity","BAT","2.10.0","alpha_neutral","Alpha diversity at q = 0, 1, 2","neutral","yes",0.000834247475722805,0.000784616975579411,0.000960219942498952,1540920,13736,"bench",10,200,50,"Neutral Hill numbers via hill().",NA,3,0.000904910964891315,0.157108381986995
"B1.1","B1","Alpha diversity","BAT","2.10.0","alpha_neutral","Alpha diversity at q = 0, 1, 2","neutral","yes",0.000834247475722805,0.000784616975579411,0.000960219942498952,1540920,13736,"bench",10,200,50,"Neutral Hill numbers via hill().",NA,4,0.000837342988234013,0.157108381986995
"B1.1","B1","Alpha diversity","BAT","2.10.0","alpha_neutral","Alpha diversity at q = 0, 1, 2","neutral","yes",0.000834247475722805,0.000784616975579411,0.000960219942498952,1540920,13736,"bench",10,200,50,"Neutral Hill numbers via hill().",NA,5,0.000902245927136391,0.157108381986995
"B1.1","B1","Alpha diversity","BAT","2.10.0","alpha_neutral","Alpha diversity at q = 0, 1, 2","neutral","yes",0.000834247475722805,0.000784616975579411,0.000960219942498952,1540920,13736,"bench",10,200,50,"Neutral Hill numbers via hill().",NA,6,0.000784616975579411,0.157108381986995
"B1.1","B1","Alpha diversity","BAT","2.10.0","alpha_neutral","Alpha diversity at q = 0, 1, 2","neutral","yes",0.000834247475722805,0.000784616975579411,0.000960219942498952,1540920,13736,"bench",10,200,50,"Neutral Hill numbers via hill().",NA,7,0.00082196801668033,0.157108381986995
"B1.1","B1","Alpha diversity","BAT","2.10.0","alpha_neutral","Alpha diversity at q = 0, 1, 2","neutral","yes",0.000834247475722805,0.000784616975579411,0.000960219942498952,1540920,13736,"bench",10,200,50,"Neutral Hill numbers via hill().",NA,8,0.000831151963211596,0.157108381986995
"B1.1","B1","Alpha diversity","BAT","2.10.0","alpha_neutral","Alpha diversity at q = 0, 1, 2","neutral","yes",0.000834247475722805,0.000784616975579411,0.000960219942498952,1540920,13736,"bench",10,200,50,"Neutral Hill numbers via hill().",NA,9,0.000791422964539379,0.157108381986995
"B1.1","B1","Alpha diversity","BAT","2.10.0","alpha_neutral","Alpha diversity at q = 0, 1, 2","neutral","yes",0.000834247475722805,0.000784616975579411,0.000960219942498952,1540920,13736,"bench",10,200,50,"Neutral Hill numbers via hill().",NA,10,0.000816268962807953,0.157108381986995
"B1.2","B1","Alpha diversity","BAT","2.10.0","alpha_phylogenetic","Alpha diversity at q = 0, 1, 2","phylogenetic","partial",0.0205158875323832,0.0152073099743575,0.0261094150482677,30170496,4560,"bench",10,200,50,"BAT::alpha() computes Faith-style PD richness, not q = 0, 1, 2 phylogenetic Hill numbers.",NA,1,0.0152533940272406,3.22893139417304
"B1.2","B1","Alpha diversity","BAT","2.10.0","alpha_phylogenetic","Alpha diversity at q = 0, 1, 2","phylogenetic","partial",0.0205158875323832,0.0152073099743575,0.0261094150482677,30170496,4560,"bench",10,200,50,"BAT::alpha() computes Faith-style PD richness, not q = 0, 1, 2 phylogenetic Hill numbers.",NA,2,0.0261094150482677,3.22893139417304
"B1.2","B1","Alpha diversity","BAT","2.10.0","alpha_phylogenetic","Alpha diversity at q = 0, 1, 2","phylogenetic","partial",0.0205158875323832,0.0152073099743575,0.0261094150482677,30170496,4560,"bench",10,200,50,"BAT::alpha() computes Faith-style PD richness, not q = 0, 1, 2 phylogenetic Hill numbers.",NA,3,0.0230479040183127,3.22893139417304
"B1.2","B1","Alpha diversity","BAT","2.10.0","alpha_phylogenetic","Alpha diversity at q = 0, 1, 2","phylogenetic","partial",0.0205158875323832,0.0152073099743575,0.0261094150482677,30170496,4560,"bench",10,200,50,"BAT::alpha() computes Faith-style PD richness, not q = 0, 1, 2 phylogenetic Hill numbers.",NA,4,0.0155668800580315,3.22893139417304
"B1.2","B1","Alpha diversity","BAT","2.10.0","alpha_phylogenetic","Alpha diversity at q = 0, 1, 2","phylogenetic","partial",0.0205158875323832,0.0152073099743575,0.0261094150482677,30170496,4560,"bench",10,200,50,"BAT::alpha() computes Faith-style PD richness, not q = 0, 1, 2 phylogenetic Hill numbers.",NA,5,0.0230199830257334,3.22893139417304
"B1.2","B1","Alpha diversity","BAT","2.10.0","alpha_phylogenetic","Alpha diversity at q = 0, 1, 2","phylogenetic","partial",0.0205158875323832,0.0152073099743575,0.0261094150482677,30170496,4560,"bench",10,200,50,"BAT::alpha() computes Faith-style PD richness, not q = 0, 1, 2 phylogenetic Hill numbers.",NA,6,0.0211145900539123,3.22893139417304
"B1.2","B1","Alpha diversity","BAT","2.10.0","alpha_phylogenetic","Alpha diversity at q = 0, 1, 2","phylogenetic","partial",0.0205158875323832,0.0152073099743575,0.0261094150482677,30170496,4560,"bench",10,200,50,"BAT::alpha() computes Faith-style PD richness, not q = 0, 1, 2 phylogenetic Hill numbers.",NA,7,0.0214621879858896,3.22893139417304
"B1.2","B1","Alpha diversity","BAT","2.10.0","alpha_phylogenetic","Alpha diversity at q = 0, 1, 2","phylogenetic","partial",0.0205158875323832,0.0152073099743575,0.0261094150482677,30170496,4560,"bench",10,200,50,"BAT::alpha() computes Faith-style PD richness, not q = 0, 1, 2 phylogenetic Hill numbers.",NA,8,0.0152073099743575,3.22893139417304
"B1.2","B1","Alpha diversity","BAT","2.10.0","alpha_phylogenetic","Alpha diversity at q = 0, 1, 2","phylogenetic","partial",0.0205158875323832,0.0152073099743575,0.0261094150482677,30170496,4560,"bench",10,200,50,"BAT::alpha() computes Faith-style PD richness, not q = 0, 1, 2 phylogenetic Hill numbers.",NA,9,0.0199171850108542,3.22893139417304
"B1.2","B1","Alpha diversity","BAT","2.10.0","alpha_phylogenetic","Alpha diversity at q = 0, 1, 2","phylogenetic","partial",0.0205158875323832,0.0152073099743575,0.0261094150482677,30170496,4560,"bench",10,200,50,"BAT::alpha() computes Faith-style PD richness, not q = 0, 1, 2 phylogenetic Hill numbers.",NA,10,0.0194366240175441,3.22893139417304
"B1.3","B1","Alpha diversity","BAT","2.10.0","alpha_functional","Alpha diversity at q = 0, 1, 2","functional","partial",0.700776694488013,0.692398242012132,0.909616488032043,38536184,4560,"bench",10,200,50,"BAT::alpha() computes tree-based functional richness, not q = 0, 1, 2 functional Hill numbers.",NA,1,0.909616488032043,102.290107600204
"B1.3","B1","Alpha diversity","BAT","2.10.0","alpha_functional","Alpha diversity at q = 0, 1, 2","functional","partial",0.700776694488013,0.692398242012132,0.909616488032043,38536184,4560,"bench",10,200,50,"BAT::alpha() computes tree-based functional richness, not q = 0, 1, 2 functional Hill numbers.",NA,2,0.714873499062378,102.290107600204
"B1.3","B1","Alpha diversity","BAT","2.10.0","alpha_functional","Alpha diversity at q = 0, 1, 2","functional","partial",0.700776694488013,0.692398242012132,0.909616488032043,38536184,4560,"bench",10,200,50,"BAT::alpha() computes tree-based functional richness, not q = 0, 1, 2 functional Hill numbers.",NA,3,0.69280504406197,102.290107600204
"B1.3","B1","Alpha diversity","BAT","2.10.0","alpha_functional","Alpha diversity at q = 0, 1, 2","functional","partial",0.700776694488013,0.692398242012132,0.909616488032043,38536184,4560,"bench",10,200,50,"BAT::alpha() computes tree-based functional richness, not q = 0, 1, 2 functional Hill numbers.",NA,4,0.708203127025627,102.290107600204
"B1.3","B1","Alpha diversity","BAT","2.10.0","alpha_functional","Alpha diversity at q = 0, 1, 2","functional","partial",0.700776694488013,0.692398242012132,0.909616488032043,38536184,4560,"bench",10,200,50,"BAT::alpha() computes tree-based functional richness, not q = 0, 1, 2 functional Hill numbers.",NA,5,0.705011441023089,102.290107600204
"B1.3","B1","Alpha diversity","BAT","2.10.0","alpha_functional","Alpha diversity at q = 0, 1, 2","functional","partial",0.700776694488013,0.692398242012132,0.909616488032043,38536184,4560,"bench",10,200,50,"BAT::alpha() computes tree-based functional richness, not q = 0, 1, 2 functional Hill numbers.",NA,6,0.70081189298071,102.290107600204
"B1.3","B1","Alpha diversity","BAT","2.10.0","alpha_functional","Alpha diversity at q = 0, 1, 2","functional","partial",0.700776694488013,0.692398242012132,0.909616488032043,38536184,4560,"bench",10,200,50,"BAT::alpha() computes tree-based functional richness, not q = 0, 1, 2 functional Hill numbers.",NA,7,0.698361077054869,102.290107600204
"B1.3","B1","Alpha diversity","BAT","2.10.0","alpha_functional","Alpha diversity at q = 0, 1, 2","functional","partial",0.700776694488013,0.692398242012132,0.909616488032043,38536184,4560,"bench",10,200,50,"BAT::alpha() computes tree-based functional richness, not q = 0, 1, 2 functional Hill numbers.",NA,8,0.692398242012132,102.290107600204
"B1.3","B1","Alpha diversity","BAT","2.10.0","alpha_functional","Alpha diversity at q = 0, 1, 2","functional","partial",0.700776694488013,0.692398242012132,0.909616488032043,38536184,4560,"bench",10,200,50,"BAT::alpha() computes tree-based functional richness, not q = 0, 1, 2 functional Hill numbers.",NA,9,0.700741495995317,102.290107600204
"B1.3","B1","Alpha diversity","BAT","2.10.0","alpha_functional","Alpha diversity at q = 0, 1, 2","functional","partial",0.700776694488013,0.692398242012132,0.909616488032043,38536184,4560,"bench",10,200,50,"BAT::alpha() computes tree-based functional richness, not q = 0, 1, 2 functional Hill numbers.",NA,10,0.698893462016713,102.290107600204
"B2.1","B2","Diversity partitioning without hierarchy","BAT","2.10.0","partition_neutral","Diversity partitioning at q = 0, 1, 2","neutral","no",NA,NA,NA,NA,NA,NA,10,200,50,"No Hill alpha/gamma/beta partitioning API.",NA,NA,NA,NA
"B2.2","B2","Diversity partitioning without hierarchy","BAT","2.10.0","partition_phylogenetic","Diversity partitioning at q = 0, 1, 2","phylogenetic","no",NA,NA,NA,NA,NA,NA,10,200,50,"No phylogenetic Hill alpha/gamma/beta partitioning API.",NA,NA,NA,NA
"B2.3","B2","Diversity partitioning without hierarchy","BAT","2.10.0","partition_functional","Diversity partitioning at q = 0, 1, 2","functional","no",NA,NA,NA,NA,NA,NA,10,200,50,"No functional Hill alpha/gamma/beta partitioning API.",NA,NA,NA,NA
"B3.1","B3","Nested diversity partitioning","BAT","2.10.0","hierarchical_partition_neutral","Nested diversity partitioning at q = 0, 1, 2","neutral","no",NA,NA,NA,NA,NA,NA,10,200,50,"No nested Hill partitioning API.",NA,NA,NA,NA
"B3.2","B3","Nested diversity partitioning","BAT","2.10.0","hierarchical_partition_phylogenetic","Nested diversity partitioning at q = 0, 1, 2","phylogenetic","no",NA,NA,NA,NA,NA,NA,10,200,50,"No nested phylogenetic Hill partitioning API.",NA,NA,NA,NA
"B3.3","B3","Nested diversity partitioning","BAT","2.10.0","hierarchical_partition_functional","Nested diversity partitioning at q = 0, 1, 2","functional","no",NA,NA,NA,NA,NA,NA,10,200,50,"No nested functional Hill partitioning API.",NA,NA,NA,NA
"B4.1","B4","Pairwise beta diversity matrix","BAT","2.10.0","pairwise_neutral","Pairwise beta diversity matrix at q = 1","neutral","partial",0.417513762542512,0.407628724060487,0.585725139011629,11074888,76744,"bench",10,200,50,"Pairwise Jaccard/Sorensen beta components, not Hill-number dissimilarity.",NA,1,0.435261657985393,7.80173582544101
"B4.1","B4","Pairwise beta diversity matrix","BAT","2.10.0","pairwise_neutral","Pairwise beta diversity matrix at q = 1","neutral","partial",0.417513762542512,0.407628724060487,0.585725139011629,11074888,76744,"bench",10,200,50,"Pairwise Jaccard/Sorensen beta components, not Hill-number dissimilarity.",NA,2,0.585725139011629,7.80173582544101
"B4.1","B4","Pairwise beta diversity matrix","BAT","2.10.0","pairwise_neutral","Pairwise beta diversity matrix at q = 1","neutral","partial",0.417513762542512,0.407628724060487,0.585725139011629,11074888,76744,"bench",10,200,50,"Pairwise Jaccard/Sorensen beta components, not Hill-number dissimilarity.",NA,3,0.420346432016231,7.80173582544101
"B4.1","B4","Pairwise beta diversity matrix","BAT","2.10.0","pairwise_neutral","Pairwise beta diversity matrix at q = 1","neutral","partial",0.417513762542512,0.407628724060487,0.585725139011629,11074888,76744,"bench",10,200,50,"Pairwise Jaccard/Sorensen beta components, not Hill-number dissimilarity.",NA,4,0.409863756969571,7.80173582544101
"B4.1","B4","Pairwise beta diversity matrix","BAT","2.10.0","pairwise_neutral","Pairwise beta diversity matrix at q = 1","neutral","partial",0.417513762542512,0.407628724060487,0.585725139011629,11074888,76744,"bench",10,200,50,"Pairwise Jaccard/Sorensen beta components, not Hill-number dissimilarity.",NA,5,0.417256959015504,7.80173582544101
"B4.1","B4","Pairwise beta diversity matrix","BAT","2.10.0","pairwise_neutral","Pairwise beta diversity matrix at q = 1","neutral","partial",0.417513762542512,0.407628724060487,0.585725139011629,11074888,76744,"bench",10,200,50,"Pairwise Jaccard/Sorensen beta components, not Hill-number dissimilarity.",NA,6,0.414981172012631,7.80173582544101
"B4.1","B4","Pairwise beta diversity matrix","BAT","2.10.0","pairwise_neutral","Pairwise beta diversity matrix at q = 1","neutral","partial",0.417513762542512,0.407628724060487,0.585725139011629,11074888,76744,"bench",10,200,50,"Pairwise Jaccard/Sorensen beta components, not Hill-number dissimilarity.",NA,7,0.407628724060487,7.80173582544101
"B4.1","B4","Pairwise beta diversity matrix","BAT","2.10.0","pairwise_neutral","Pairwise beta diversity matrix at q = 1","neutral","partial",0.417513762542512,0.407628724060487,0.585725139011629,11074888,76744,"bench",10,200,50,"Pairwise Jaccard/Sorensen beta components, not Hill-number dissimilarity.",NA,8,0.417770566069521,7.80173582544101
"B4.1","B4","Pairwise beta diversity matrix","BAT","2.10.0","pairwise_neutral","Pairwise beta diversity matrix at q = 1","neutral","partial",0.417513762542512,0.407628724060487,0.585725139011629,11074888,76744,"bench",10,200,50,"Pairwise Jaccard/Sorensen beta components, not Hill-number dissimilarity.",NA,9,0.507114075997379,7.80173582544101
"B4.1","B4","Pairwise beta diversity matrix","BAT","2.10.0","pairwise_neutral","Pairwise beta diversity matrix at q = 1","neutral","partial",0.417513762542512,0.407628724060487,0.585725139011629,11074888,76744,"bench",10,200,50,"Pairwise Jaccard/Sorensen beta components, not Hill-number dissimilarity.",NA,10,0.409211078018416,7.80173582544101
"B4.2","B4","Pairwise beta diversity matrix","BAT","2.10.0","pairwise_phylogenetic","Pairwise beta diversity matrix at q = 1","phylogenetic","partial",0.444975890539354,0.432072718976997,0.610460110998247,111176072,76744,"bench",10,200,50,"Pairwise PD beta components, not Hill-number dissimilarity.",NA,1,0.453920389059931,7.19698919441158
"B4.2","B4","Pairwise beta diversity matrix","BAT","2.10.0","pairwise_phylogenetic","Pairwise beta diversity matrix at q = 1","phylogenetic","partial",0.444975890539354,0.432072718976997,0.610460110998247,111176072,76744,"bench",10,200,50,"Pairwise PD beta components, not Hill-number dissimilarity.",NA,2,0.442421939049382,7.19698919441158
"B4.2","B4","Pairwise beta diversity matrix","BAT","2.10.0","pairwise_phylogenetic","Pairwise beta diversity matrix at q = 1","phylogenetic","partial",0.444975890539354,0.432072718976997,0.610460110998247,111176072,76744,"bench",10,200,50,"Pairwise PD beta components, not Hill-number dissimilarity.",NA,3,0.437539617996663,7.19698919441158
"B4.2","B4","Pairwise beta diversity matrix","BAT","2.10.0","pairwise_phylogenetic","Pairwise beta diversity matrix at q = 1","phylogenetic","partial",0.444975890539354,0.432072718976997,0.610460110998247,111176072,76744,"bench",10,200,50,"Pairwise PD beta components, not Hill-number dissimilarity.",NA,4,0.43912676902255,7.19698919441158
"B4.2","B4","Pairwise beta diversity matrix","BAT","2.10.0","pairwise_phylogenetic","Pairwise beta diversity matrix at q = 1","phylogenetic","partial",0.444975890539354,0.432072718976997,0.610460110998247,111176072,76744,"bench",10,200,50,"Pairwise PD beta components, not Hill-number dissimilarity.",NA,5,0.459049981029239,7.19698919441158
"B4.2","B4","Pairwise beta diversity matrix","BAT","2.10.0","pairwise_phylogenetic","Pairwise beta diversity matrix at q = 1","phylogenetic","partial",0.444975890539354,0.432072718976997,0.610460110998247,111176072,76744,"bench",10,200,50,"Pairwise PD beta components, not Hill-number dissimilarity.",NA,6,0.447747675003484,7.19698919441158
"B4.2","B4","Pairwise beta diversity matrix","BAT","2.10.0","pairwise_phylogenetic","Pairwise beta diversity matrix at q = 1","phylogenetic","partial",0.444975890539354,0.432072718976997,0.610460110998247,111176072,76744,"bench",10,200,50,"Pairwise PD beta components, not Hill-number dissimilarity.",NA,7,0.447529842029326,7.19698919441158
"B4.2","B4","Pairwise beta diversity matrix","BAT","2.10.0","pairwise_phylogenetic","Pairwise beta diversity matrix at q = 1","phylogenetic","partial",0.444975890539354,0.432072718976997,0.610460110998247,111176072,76744,"bench",10,200,50,"Pairwise PD beta components, not Hill-number dissimilarity.",NA,8,0.610460110998247,7.19698919441158
"B4.2","B4","Pairwise beta diversity matrix","BAT","2.10.0","pairwise_phylogenetic","Pairwise beta diversity matrix at q = 1","phylogenetic","partial",0.444975890539354,0.432072718976997,0.610460110998247,111176072,76744,"bench",10,200,50,"Pairwise PD beta components, not Hill-number dissimilarity.",NA,9,0.432072718976997,7.19698919441158
"B4.2","B4","Pairwise beta diversity matrix","BAT","2.10.0","pairwise_phylogenetic","Pairwise beta diversity matrix at q = 1","phylogenetic","partial",0.444975890539354,0.432072718976997,0.610460110998247,111176072,76744,"bench",10,200,50,"Pairwise PD beta components, not Hill-number dissimilarity.",NA,10,0.437366844038479,7.19698919441158
"B4.3","B4","Pairwise beta diversity matrix","BAT","2.10.0","pairwise_functional","Pairwise beta diversity matrix at q = 1","functional","partial",1.13594636903144,1.11259108805098,1.28757597203366,119528472,76744,"bench",10,200,50,"Pairwise FD beta components, not Hill-number dissimilarity.",NA,1,1.17780769703677,16.2646542367323
"B4.3","B4","Pairwise beta diversity matrix","BAT","2.10.0","pairwise_functional","Pairwise beta diversity matrix at q = 1","functional","partial",1.13594636903144,1.11259108805098,1.28757597203366,119528472,76744,"bench",10,200,50,"Pairwise FD beta components, not Hill-number dissimilarity.",NA,2,1.13868873601314,16.2646542367323
"B4.3","B4","Pairwise beta diversity matrix","BAT","2.10.0","pairwise_functional","Pairwise beta diversity matrix at q = 1","functional","partial",1.13594636903144,1.11259108805098,1.28757597203366,119528472,76744,"bench",10,200,50,"Pairwise FD beta components, not Hill-number dissimilarity.",NA,3,1.28025911201257,16.2646542367323
"B4.3","B4","Pairwise beta diversity matrix","BAT","2.10.0","pairwise_functional","Pairwise beta diversity matrix at q = 1","functional","partial",1.13594636903144,1.11259108805098,1.28757597203366,119528472,76744,"bench",10,200,50,"Pairwise FD beta components, not Hill-number dissimilarity.",NA,4,1.12044291599886,16.2646542367323
"B4.3","B4","Pairwise beta diversity matrix","BAT","2.10.0","pairwise_functional","Pairwise beta diversity matrix at q = 1","functional","partial",1.13594636903144,1.11259108805098,1.28757597203366,119528472,76744,"bench",10,200,50,"Pairwise FD beta components, not Hill-number dissimilarity.",NA,5,1.28757597203366,16.2646542367323
"B4.3","B4","Pairwise beta diversity matrix","BAT","2.10.0","pairwise_functional","Pairwise beta diversity matrix at q = 1","functional","partial",1.13594636903144,1.11259108805098,1.28757597203366,119528472,76744,"bench",10,200,50,"Pairwise FD beta components, not Hill-number dissimilarity.",NA,6,1.11259108805098,16.2646542367323
"B4.3","B4","Pairwise beta diversity matrix","BAT","2.10.0","pairwise_functional","Pairwise beta diversity matrix at q = 1","functional","partial",1.13594636903144,1.11259108805098,1.28757597203366,119528472,76744,"bench",10,200,50,"Pairwise FD beta components, not Hill-number dissimilarity.",NA,7,1.13311474502552,16.2646542367323
"B4.3","B4","Pairwise beta diversity matrix","BAT","2.10.0","pairwise_functional","Pairwise beta diversity matrix at q = 1","functional","partial",1.13594636903144,1.11259108805098,1.28757597203366,119528472,76744,"bench",10,200,50,"Pairwise FD beta components, not Hill-number dissimilarity.",NA,8,1.13320400204975,16.2646542367323
"B4.3","B4","Pairwise beta diversity matrix","BAT","2.10.0","pairwise_functional","Pairwise beta diversity matrix at q = 1","functional","partial",1.13594636903144,1.11259108805098,1.28757597203366,119528472,76744,"bench",10,200,50,"Pairwise FD beta components, not Hill-number dissimilarity.",NA,9,1.22600774804596,16.2646542367323
"B4.3","B4","Pairwise beta diversity matrix","BAT","2.10.0","pairwise_functional","Pairwise beta diversity matrix at q = 1","functional","partial",1.13594636903144,1.11259108805098,1.28757597203366,119528472,76744,"bench",10,200,50,"Pairwise FD beta components, not Hill-number dissimilarity.",NA,10,1.12848072004272,16.2646542367323
